student_id,student_name,attendance_percentage,study_hours_per_week,previous_exam_score,assignment_score,internal_assessment_score,extracurricular_activities,parental_support,sleep_hours,final_exam_score,performance_category,at_risk
1,Alex Rivera,70.0,5.6,51.9,52.6,50.1,0,2,6.6,57.1,Medium,0
2,Sara Singh,73.7,16.1,62.4,56.4,62.3,1,2,6.2,79.9,High,0
3,Mei Lewis,65.9,3.1,54.0,45.8,58.8,0,0,5.7,45.2,Low,1
4,Nolan Rossi,70.0,5.6,51.9,52.6,50.1,1,1,6.6,64.1,Medium,0
5,Julia Mitchell,96.3,29.0,77.2,85.9,96.5,1,1,6.7,100.0,High,0
6,Ananya Ali,65.9,3.1,54.0,45.8,58.8,1,1,5.7,41.3,Low,1
7,Isaac Jain,70.0,5.6,51.9,52.6,50.1,1,2,6.6,61.5,Medium,0
8,Grace Reddy,70.0,5.6,51.9,52.6,50.1,1,1,6.6,55.5,Medium,0
9,Elizabeth Diallo,96.3,29.0,77.2,85.9,96.5,0,1,6.7,100.0,High,0
10,Amara Tanaka,73.7,16.1,62.4,56.4,62.3,0,0,6.2,71.5,Medium,0
11,Nadia Dubois,73.7,16.1,62.4,56.4,62.3,1,1,6.2,79.8,High,0
12,Aditi Kumar,65.9,3.1,54.0,45.8,58.8,0,1,5.7,46.5,Low,1
13,Diego Suzuki,70.0,5.6,51.9,52.6,50.1,1,1,6.6,60.8,Medium,0
14,Abigail Becker,65.9,3.1,54.0,45.8,58.8,0,0,5.7,39.4,Low,1
15,Neha Iqbal,73.7,16.1,62.4,56.4,62.3,1,1,6.2,74.0,Medium,0
16,Camila Khan,96.3,29.0,77.2,85.9,96.5,1,2,6.7,100.0,High,0
17,Alexander Silva,70.0,5.6,51.9,52.6,50.1,1,1,6.6,51.8,Medium,0
18,Daniel Rodriguez,96.3,29.0,77.2,85.9,96.5,1,2,6.7,100.0,High,0
19,Abigail Kumar,65.9,3.1,54.0,45.8,58.8,0,1,5.7,45.4,Low,1
20,Sophia Bhat,70.0,5.6,51.9,52.6,50.1,0,2,6.6,56.4,Medium,0
21,Eli Young,70.0,5.6,51.9,52.6,50.1,0,2,6.6,62.1,Medium,0
22,Valentina OConnor,73.7,16.1,62.4,56.4,62.3,1,0,6.2,70.1,Medium,0
23,Mateo Chavez,65.9,3.1,54.0,45.8,58.8,1,2,5.7,39.9,Low,1
24,Diya Martinez,65.9,3.1,54.0,45.8,58.8,1,0,5.7,45.8,Low,1
25,Yasmin Khan,70.0,5.6,51.9,52.6,50.1,0,0,6.6,49.1,Low,1
26,Olivia Gonzales,96.3,29.0,77.2,85.9,96.5,1,1,6.7,100.0,High,0
27,Sara Tanaka,73.7,16.1,62.4,56.4,62.3,1,1,6.2,75.0,High,0
28,Sam Liu,96.3,29.0,77.2,85.9,96.5,1,1,6.7,100.0,High,0
29,Ethan Perez,96.3,29.0,77.2,85.9,96.5,1,1,6.7,100.0,High,0
30,Abigail Jain,70.0,5.6,51.9,52.6,50.1,0,1,6.6,57.6,Medium,0
31,Jasmine Turner,70.0,5.6,51.9,52.6,50.1,0,2,6.6,59.5,Medium,0
32,Zachary Evans,65.9,3.1,54.0,45.8,58.8,0,0,5.7,38.0,Low,1
33,Anthony Price,73.7,16.1,62.4,56.4,62.3,1,2,6.2,77.3,High,0
34,Joshua Reyes,73.7,16.1,62.4,56.4,62.3,1,2,6.2,71.0,Medium,0
35,Michael White,73.7,16.1,62.4,56.4,62.3,1,2,6.2,81.8,High,0
36,Nora Silva,96.3,29.0,77.2,85.9,96.5,1,2,6.7,100.0,High,0
37,Anthony Diallo,96.3,29.0,77.2,85.9,96.5,1,1,6.7,100.0,High,0
38,Isabella Zhang,73.7,16.1,62.4,56.4,62.3,0,2,6.2,70.2,Medium,0
39,Grace Moore,96.3,29.0,77.2,85.9,96.5,1,2,6.7,100.0,High,0
40,Amara Anderson,70.0,5.6,51.9,52.6,50.1,1,2,6.6,59.1,Medium,0
41,Sofia White,73.7,16.1,62.4,56.4,62.3,1,2,6.2,74.5,Medium,0
42,Isaac Mendoza,65.9,3.1,54.0,45.8,58.8,0,1,5.7,46.8,Low,1
43,Isabella Das,70.0,5.6,51.9,52.6,50.1,0,2,6.6,58.4,Medium,0
44,Isaac Hall,73.7,16.1,62.4,56.4,62.3,1,2,6.2,74.7,Medium,0
45,Henry Flores,65.9,3.1,54.0,45.8,58.8,0,0,5.7,40.3,Low,1
46,Emily Okafor,65.9,3.1,54.0,45.8,58.8,1,0,5.7,46.6,Low,1
47,Sophia Sanders,73.7,16.1,62.4,56.4,62.3,1,1,6.2,77.5,High,0
48,Isaac Ward,73.7,16.1,62.4,56.4,62.3,0,1,6.2,68.8,Medium,0
49,Daniel Martin,70.0,5.6,51.9,52.6,50.1,1,1,6.6,54.7,Medium,0
50,Rani Martinez,96.3,29.0,77.2,85.9,96.5,1,2,6.7,100.0,High,0
51,Adrian Al-Mansoor,96.3,29.0,77.2,85.9,96.5,1,2,6.7,100.0,High,0
52,Caleb Perez,96.3,29.0,77.2,85.9,96.5,1,2,6.7,100.0,High,0
53,Noah Chen,70.0,5.6,51.9,52.6,50.1,0,1,6.6,58.2,Medium,0
54,Vivaan Roberts,70.0,5.6,51.9,52.6,50.1,0,1,6.6,52.4,Medium,0
55,Priya Iqbal,70.0,5.6,51.9,52.6,50.1,1,2,6.6,63.6,Medium,0
56,Kiran Alvarez,70.0,5.6,51.9,52.6,50.1,0,1,6.6,57.4,Medium,0
57,Mason Price,73.7,16.1,62.4,56.4,62.3,0,2,6.2,70.8,Medium,0
58,Mei Kaur,70.0,5.6,51.9,52.6,50.1,0,1,6.6,53.7,Medium,0
59,Nolan Bhat,96.3,29.0,77.2,85.9,96.5,1,0,6.7,100.0,High,0
60,Elizabeth Hall,96.3,29.0,77.2,85.9,96.5,1,1,6.7,100.0,High,0
61,Amelia OConnor,70.0,5.6,51.9,52.6,50.1,1,1,6.6,56.4,Medium,0
62,Yuki Ortiz,73.7,16.1,62.4,56.4,62.3,0,1,6.2,68.8,Medium,0
63,Varun Phillips,70.0,5.6,51.9,52.6,50.1,1,1,6.6,52.2,Medium,0
64,Sarah Jain,70.0,5.6,51.9,52.6,50.1,1,1,6.6,59.0,Medium,0
65,Owen Kumar,70.0,5.6,51.9,52.6,50.1,1,1,6.6,58.1,Medium,0
66,Stella Jiang,70.0,5.6,51.9,52.6,50.1,1,1,6.6,57.4,Medium,0
67,Nolan Sato,70.0,5.6,51.9,52.6,50.1,0,1,6.6,56.5,Medium,0
68,Elizabeth Evans,73.7,16.1,62.4,56.4,62.3,1,2,6.2,74.1,Medium,0
69,Xavier Garcia,96.3,29.0,77.2,85.9,96.5,1,2,6.7,100.0,High,0
70,Zara Fernandez,73.7,16.1,62.4,56.4,62.3,1,1,6.2,83.2,High,0
71,Fatima Nguyen,96.3,29.0,77.2,85.9,96.5,0,1,6.7,100.0,High,0
72,Nora King,73.7,16.1,62.4,56.4,62.3,1,1,6.2,73.3,Medium,0
73,Leo Castillo,65.9,3.1,54.0,45.8,58.8,0,0,5.7,39.0,Low,1
74,Ibrahim Sanchez,96.3,29.0,77.2,85.9,96.5,1,2,6.7,99.2,High,0
75,Daniel Wright,96.3,29.0,77.2,85.9,96.5,1,2,6.7,100.0,High,0
76,Gabriel Sharma,73.7,16.1,62.4,56.4,62.3,0,1,6.2,75.6,High,0
77,Aisha Iqbal,73.7,16.1,62.4,56.4,62.3,0,1,6.2,70.9,Medium,0
78,Leo Chavez,70.0,5.6,51.9,52.6,50.1,0,1,6.6,50.6,Medium,0
79,Xavier Thomas,70.0,5.6,51.9,52.6,50.1,0,0,6.6,49.5,Low,1
80,Siddharth Thomas,70.0,5.6,51.9,52.6,50.1,0,2,6.6,59.1,Medium,0
81,William Ito,70.0,5.6,51.9,52.6,50.1,1,1,6.6,56.8,Medium,0
82,Owen Silva,73.7,16.1,62.4,56.4,62.3,0,1,6.2,75.2,High,0
83,Harper Peterson,65.9,3.1,54.0,45.8,58.8,1,0,5.7,42.6,Low,1
84,Ian OConnor,96.3,29.0,77.2,85.9,96.5,1,2,6.7,100.0,High,0
85,Priya Rao,96.3,29.0,77.2,85.9,96.5,0,2,6.7,100.0,High,0
86,Leila Lee,96.3,29.0,77.2,85.9,96.5,1,2,6.7,100.0,High,0
87,Harper Gupta,70.0,5.6,51.9,52.6,50.1,1,1,6.6,49.8,Low,1
88,Kofi Silva,73.7,16.1,62.4,56.4,62.3,1,1,6.2,70.0,Medium,0
89,Adrian Shah,96.3,29.0,77.2,85.9,96.5,1,1,6.7,100.0,High,0
90,Arya Wright,73.7,16.1,62.4,56.4,62.3,1,1,6.2,78.1,High,0
91,Zachary Williams,96.3,29.0,77.2,85.9,96.5,1,2,6.7,100.0,High,0
92,Mason Verma,70.0,5.6,51.9,52.6,50.1,0,0,6.6,53.0,Medium,0
93,Yara Yang,73.7,16.1,62.4,56.4,62.3,1,1,6.2,72.2,Medium,0
94,Sebastian Bhat,73.7,16.1,62.4,56.4,62.3,1,1,6.2,67.5,Medium,0
95,Samuel Bailey,73.7,16.1,62.4,56.4,62.3,1,1,6.2,77.3,High,0
96,Aarav Osei,70.0,5.6,51.9,52.6,50.1,0,1,6.6,53.6,Medium,0
97,Aditi Zhao,73.7,16.1,62.4,56.4,62.3,0,0,6.2,81.2,High,0
98,Diego Snyder,96.3,29.0,77.2,85.9,96.5,1,2,6.7,100.0,High,0
99,Yasmin Martinez,96.3,29.0,77.2,85.9,96.5,1,2,6.7,100.0,High,0
100,Layla Campbell,65.9,3.1,54.0,45.8,58.8,0,0,5.7,43.4,Low,1
101,Neha Choudhury,65.9,3.1,54.0,45.8,58.8,0,0,5.7,37.2,Low,1
102,Isabella Chen,70.0,5.6,51.9,52.6,50.1,1,1,6.6,57.9,Medium,0
103,William Larsen,96.3,29.0,77.2,85.9,96.5,1,1,6.7,100.0,High,0
104,Kai Valdez,65.9,3.1,54.0,45.8,58.8,0,2,5.7,44.0,Low,1
105,Oliver Li,70.0,5.6,51.9,52.6,50.1,0,1,6.6,58.5,Medium,0
106,Theo Sato,70.0,5.6,51.9,52.6,50.1,1,1,6.6,59.9,Medium,0
107,Hanna Johnson,73.7,16.1,62.4,56.4,62.3,1,1,6.2,76.4,High,0
108,Lucas Kaur,96.3,29.0,77.2,85.9,96.5,0,2,6.7,100.0,High,0
109,Sebastian Snyder,96.3,29.0,77.2,85.9,96.5,0,0,6.7,99.6,High,0
110,Leo Mendoza,65.9,3.1,54.0,45.8,58.8,0,2,5.7,44.5,Low,1
111,Priya Turner,73.7,16.1,62.4,56.4,62.3,1,0,6.2,72.9,Medium,0
112,Anthony Muller,96.3,29.0,77.2,85.9,96.5,1,2,6.7,100.0,High,0
113,Farhan Baker,73.7,16.1,62.4,56.4,62.3,0,1,6.2,73.4,Medium,0
114,Aisha Yamamoto,70.0,5.6,51.9,52.6,50.1,0,1,6.6,55.2,Medium,0
115,Arjun Basu,96.3,29.0,77.2,85.9,96.5,1,1,6.7,100.0,High,0
116,Zain Snyder,65.9,3.1,54.0,45.8,58.8,0,1,5.7,41.6,Low,1
117,Zachary Sharma,70.0,5.6,51.9,52.6,50.1,0,2,6.6,56.5,Medium,0
118,Caleb Wood,70.0,5.6,51.9,52.6,50.1,1,2,6.6,65.8,Medium,0
119,Hannah Russell,73.7,16.1,62.4,56.4,62.3,1,1,6.2,75.1,High,0
120,Farhan Kumar,70.0,5.6,51.9,52.6,50.1,0,1,6.6,59.2,Medium,0
121,Alexander Ali,70.0,5.6,51.9,52.6,50.1,0,1,6.6,55.2,Medium,0
122,Yasmin Das,70.0,5.6,51.9,52.6,50.1,0,2,6.6,51.0,Medium,0
123,Sophia Wilson,96.3,29.0,77.2,85.9,96.5,1,1,6.7,100.0,High,0
124,Kai Harris,73.7,16.1,62.4,56.4,62.3,0,1,6.2,70.5,Medium,0
125,Joshua Suzuki,96.3,29.0,77.2,85.9,96.5,0,2,6.7,100.0,High,0
126,Carlos Davis,73.7,16.1,62.4,56.4,62.3,1,1,6.2,70.6,Medium,0
127,Mateo Zhao,73.7,16.1,62.4,56.4,62.3,1,1,6.2,74.6,Medium,0
128,Leo Choudhury,96.3,29.0,77.2,85.9,96.5,1,1,6.7,100.0,High,0
129,Michael Al-Mansoor,96.3,29.0,77.2,85.9,96.5,1,1,6.7,100.0,High,0
130,Nolan Kim,70.0,5.6,51.9,52.6,50.1,0,0,6.6,59.1,Medium,0
131,Asher Tran,96.3,29.0,77.2,85.9,96.5,1,2,6.7,100.0,High,0
132,Daniel Baker,65.9,3.1,54.0,45.8,58.8,1,2,5.7,39.1,Low,1
133,Henry King,70.0,5.6,51.9,52.6,50.1,0,2,6.6,53.4,Medium,0
134,Michael Watson,73.7,16.1,62.4,56.4,62.3,0,2,6.2,68.5,Medium,0
135,Oliver Huang,70.0,5.6,51.9,52.6,50.1,0,1,6.6,57.8,Medium,0
136,Pooja Jenkins,96.3,29.0,77.2,85.9,96.5,1,2,6.7,100.0,High,0
137,Yasmin Ali,65.9,3.1,54.0,45.8,58.8,0,1,5.7,41.1,Low,1
138,Oliver Sullivan,73.7,16.1,62.4,56.4,62.3,0,0,6.2,70.0,Medium,0
139,Jacob Miller,70.0,5.6,51.9,52.6,50.1,1,1,6.6,58.4,Medium,0
140,Thomas Joshi,96.3,29.0,77.2,85.9,96.5,0,2,6.7,100.0,High,0
141,Samuel Kapoor,73.7,16.1,62.4,56.4,62.3,1,1,6.2,69.9,Medium,0
142,Julian Al-Mansoor,73.7,16.1,62.4,56.4,62.3,1,2,6.2,76.3,High,0
143,Zain Park,65.9,3.1,54.0,45.8,58.8,0,0,5.7,45.0,Low,1
144,Owen Ali,70.0,5.6,51.9,52.6,50.1,0,1,6.6,55.5,Medium,0
145,Hannah Price,73.7,16.1,62.4,56.4,62.3,1,1,6.2,71.5,Medium,0
146,Ariana Jenkins,96.3,29.0,77.2,85.9,96.5,1,2,6.7,100.0,High,0
147,Elizabeth Liu,73.7,16.1,62.4,56.4,62.3,0,1,6.2,76.1,High,0
148,Ariana Price,73.7,16.1,62.4,56.4,62.3,0,0,6.2,68.2,Medium,0
149,Aditi Phillips,73.7,16.1,62.4,56.4,62.3,0,0,6.2,66.8,Medium,0
150,Zoe Zhang,96.3,29.0,77.2,85.9,96.5,1,2,6.7,100.0,High,0
151,Ibrahim Gonzales,65.9,3.1,54.0,45.8,58.8,1,1,5.7,39.3,Low,1
152,Mila Lewis,65.9,3.1,54.0,45.8,58.8,0,1,5.7,39.4,Low,1
153,Isaac Reddy,96.3,29.0,77.2,85.9,96.5,1,2,6.7,100.0,High,0
154,Diya Walker,70.0,5.6,51.9,52.6,50.1,0,1,6.6,51.3,Medium,0
155,Hannah Rao,96.3,29.0,77.2,85.9,96.5,1,2,6.7,100.0,High,0
156,Yara Suzuki,70.0,5.6,51.9,52.6,50.1,0,1,6.6,54.7,Medium,0
157,Amelia Harris,73.7,16.1,62.4,56.4,62.3,1,1,6.2,82.1,High,0
158,Mila Kapoor,70.0,5.6,51.9,52.6,50.1,0,1,6.6,49.6,Low,1
159,Nolan Brown,70.0,5.6,51.9,52.6,50.1,0,0,6.6,54.1,Medium,0
160,Sebastian Sato,70.0,5.6,51.9,52.6,50.1,1,1,6.6,57.7,Medium,0
161,Harper Bailey,96.3,29.0,77.2,85.9,96.5,1,2,6.7,100.0,High,0
162,Theo Huang,65.9,3.1,54.0,45.8,58.8,0,1,5.7,43.1,Low,1
163,Ella Valdez,96.3,29.0,77.2,85.9,96.5,1,2,6.7,100.0,High,0
164,Andre Mitchell,96.3,29.0,77.2,85.9,96.5,1,2,6.7,100.0,High,0
165,Fatima Smith,70.0,5.6,51.9,52.6,50.1,1,1,6.6,61.9,Medium,0
166,Sam Ortiz,73.7,16.1,62.4,56.4,62.3,0,2,6.2,67.2,Medium,0
167,Ian Nguyen,65.9,3.1,54.0,45.8,58.8,1,0,5.7,39.4,Low,1
168,Alexander Harris,65.9,3.1,54.0,45.8,58.8,0,0,5.7,46.0,Low,1
169,Kenji Reddy,73.7,16.1,62.4,56.4,62.3,0,2,6.2,78.0,High,0
170,Sara Fernandez,65.9,3.1,54.0,45.8,58.8,0,0,5.7,42.7,Low,1
171,Jacob Kaur,73.7,16.1,62.4,56.4,62.3,0,1,6.2,77.1,High,0
172,Kiran Lee,73.7,16.1,62.4,56.4,62.3,0,1,6.2,66.1,Medium,0
173,Ibrahim White,96.3,29.0,77.2,85.9,96.5,0,2,6.7,100.0,High,0
174,Gabriel Campbell,65.9,3.1,54.0,45.8,58.8,0,0,5.7,44.5,Low,1
175,Isabella Cruz,96.3,29.0,77.2,85.9,96.5,1,1,6.7,100.0,High,0
176,Ananya Wood,96.3,29.0,77.2,85.9,96.5,1,2,6.7,100.0,High,0
177,Chloe Osei,73.7,16.1,62.4,56.4,62.3,1,1,6.2,75.0,Medium,0
178,Hannah Santos,65.9,3.1,54.0,45.8,58.8,0,0,5.7,33.1,Low,1
179,Leo Novak,65.9,3.1,54.0,45.8,58.8,0,1,5.7,44.1,Low,1
180,Arjun Sanders,70.0,5.6,51.9,52.6,50.1,1,2,6.6,56.5,Medium,0
181,Rani OConnor,65.9,3.1,54.0,45.8,58.8,0,2,5.7,48.9,Low,1
182,Camila Adams,65.9,3.1,54.0,45.8,58.8,0,1,5.7,44.7,Low,1
183,Anthony Turner,73.7,16.1,62.4,56.4,62.3,1,1,6.2,72.2,Medium,0
184,Nolan Rodriguez,73.7,16.1,62.4,56.4,62.3,1,1,6.2,79.6,High,0
185,Aarav Stewart,70.0,5.6,51.9,52.6,50.1,0,0,6.6,56.9,Medium,0
186,Asher Jiang,70.0,5.6,51.9,52.6,50.1,0,1,6.6,52.7,Medium,0
187,Lucas Sanchez,73.7,16.1,62.4,56.4,62.3,0,1,6.2,72.3,Medium,0
188,Michael Scott,96.3,29.0,77.2,85.9,96.5,1,2,6.7,100.0,High,0
189,Olivia Smith,70.0,5.6,51.9,52.6,50.1,0,1,6.6,54.3,Medium,0
190,Sara Chen,96.3,29.0,77.2,85.9,96.5,1,2,6.7,100.0,High,0
191,Leo Yang,65.9,3.1,54.0,45.8,58.8,0,1,5.7,42.9,Low,1
192,Ella Thomas,96.3,29.0,77.2,85.9,96.5,1,2,6.7,100.0,High,0
193,Jacob Anderson,96.3,29.0,77.2,85.9,96.5,1,2,6.7,100.0,High,0
194,Wyatt Williams,65.9,3.1,54.0,45.8,58.8,0,2,5.7,45.6,Low,1
195,Pooja Menon,96.3,29.0,77.2,85.9,96.5,1,1,6.7,100.0,High,0
196,Harper Okafor,96.3,29.0,77.2,85.9,96.5,1,0,6.7,100.0,High,0
197,James Rossi,70.0,5.6,51.9,52.6,50.1,0,1,6.6,49.4,Low,1
198,William Peterson,65.9,3.1,54.0,45.8,58.8,0,0,5.7,35.0,Low,1
199,Nathan Allen,96.3,29.0,77.2,85.9,96.5,1,2,6.7,100.0,High,0
200,Kiran Huang,73.7,16.1,62.4,56.4,62.3,0,0,6.2,70.0,Medium,0
201,Rani Wang,70.0,5.6,51.9,52.6,50.1,0,0,6.6,52.7,Medium,0
202,Tariq Johnson,65.9,3.1,54.0,45.8,58.8,0,1,5.7,38.2,Low,1
203,Lucas Joshi,73.7,16.1,62.4,56.4,62.3,1,1,6.2,72.0,Medium,0
204,Lucy White,96.3,29.0,77.2,85.9,96.5,1,1,6.7,100.0,High,0
205,Abigail Huang,96.3,29.0,77.2,85.9,96.5,1,2,6.7,100.0,High,0
206,Aria Dubois,96.3,29.0,77.2,85.9,96.5,0,1,6.7,100.0,High,0
207,Henry Martinez,96.3,29.0,77.2,85.9,96.5,1,1,6.7,100.0,High,0
208,Emily Chavez,70.0,5.6,51.9,52.6,50.1,0,1,6.6,54.7,Medium,0
209,Julia Chavez,96.3,29.0,77.2,85.9,96.5,0,2,6.7,100.0,High,0
210,Joseph Tran,73.7,16.1,62.4,56.4,62.3,1,1,6.2,71.7,Medium,0
211,Yuki Williams,70.0,5.6,51.9,52.6,50.1,0,1,6.6,55.2,Medium,0
212,Zachary Rao,70.0,5.6,51.9,52.6,50.1,1,0,6.6,52.3,Medium,0
213,Elena Zhang,96.3,29.0,77.2,85.9,96.5,1,1,6.7,100.0,High,0
214,Julia Ortiz,65.9,3.1,54.0,45.8,58.8,0,0,5.7,41.0,Low,1
215,Mila Das,70.0,5.6,51.9,52.6,50.1,1,0,6.6,63.6,Medium,0
216,Oliver Davis,70.0,5.6,51.9,52.6,50.1,1,1,6.6,55.4,Medium,0
217,Amelia Wright,96.3,29.0,77.2,85.9,96.5,1,2,6.7,100.0,High,0
218,Yara Morgan,96.3,29.0,77.2,85.9,96.5,0,2,6.7,100.0,High,0
219,Marcus Ward,65.9,3.1,54.0,45.8,58.8,1,2,5.7,50.7,Medium,0
220,Sofia Iqbal,73.7,16.1,62.4,56.4,62.3,0,2,6.2,77.9,High,0
221,Gabriel Watson,73.7,16.1,62.4,56.4,62.3,1,1,6.2,77.1,High,0
222,Sofia Hall,73.7,16.1,62.4,56.4,62.3,1,1,6.2,79.1,High,0
223,Leo Joshi,70.0,5.6,51.9,52.6,50.1,1,0,6.6,53.6,Medium,0
224,Chloe Dubois,65.9,3.1,54.0,45.8,58.8,1,1,5.7,43.2,Low,1
225,Amara Jain,73.7,16.1,62.4,56.4,62.3,0,1,6.2,78.8,High,0
226,Michael OConnor,65.9,3.1,54.0,45.8,58.8,0,1,5.7,45.0,Low,1
227,Mateo King,96.3,29.0,77.2,85.9,96.5,1,2,6.7,100.0,High,0
228,Arya Diallo,70.0,5.6,51.9,52.6,50.1,1,2,6.6,60.7,Medium,0
229,Arjun Jenkins,70.0,5.6,51.9,52.6,50.1,1,1,6.6,55.0,Medium,0
230,Jacob Wang,96.3,29.0,77.2,85.9,96.5,1,2,6.7,100.0,High,0
231,John Harris,96.3,29.0,77.2,85.9,96.5,1,2,6.7,100.0,High,0
232,Andrew Mitchell,73.7,16.1,62.4,56.4,62.3,1,1,6.2,68.2,Medium,0
233,Adrian Bhat,65.9,3.1,54.0,45.8,58.8,0,1,5.7,43.7,Low,1
234,Rohan Lewis,70.0,5.6,51.9,52.6,50.1,0,0,6.6,54.3,Medium,0
235,Zain Wang,65.9,3.1,54.0,45.8,58.8,1,0,5.7,43.6,Low,1
236,Julia Khan,65.9,3.1,54.0,45.8,58.8,1,2,5.7,48.3,Low,1
237,Ian Sanchez,73.7,16.1,62.4,56.4,62.3,0,1,6.2,78.0,High,0
238,Ella Cooper,70.0,5.6,51.9,52.6,50.1,1,1,6.6,58.5,Medium,0
239,Kofi Campbell,96.3,29.0,77.2,85.9,96.5,1,1,6.7,100.0,High,0
240,Mason Ortiz,96.3,29.0,77.2,85.9,96.5,1,2,6.7,100.0,High,0
241,Emily Jain,65.9,3.1,54.0,45.8,58.8,1,0,5.7,50.2,Medium,0
242,Layla Flores,70.0,5.6,51.9,52.6,50.1,0,1,6.6,58.8,Medium,0
243,Adrian Menon,96.3,29.0,77.2,85.9,96.5,0,1,6.7,100.0,High,0
244,Ariana Santos,73.7,16.1,62.4,56.4,62.3,1,2,6.2,77.8,High,0
245,Emma Singh,70.0,5.6,51.9,52.6,50.1,0,1,6.6,56.5,Medium,0
246,Devon Evans,65.9,3.1,54.0,45.8,58.8,1,0,5.7,42.4,Low,1
247,Kavya Allen,70.0,5.6,51.9,52.6,50.1,1,0,6.6,62.6,Medium,0
248,Mila Smith,73.7,16.1,62.4,56.4,62.3,1,2,6.2,73.7,Medium,0
249,Ananya Mendoza,73.7,16.1,62.4,56.4,62.3,1,2,6.2,80.3,High,0
250,Isaac Bailey,73.7,16.1,62.4,56.4,62.3,0,2,6.2,74.4,Medium,0
251,Ananya Fernandez,70.0,5.6,51.9,52.6,50.1,1,0,6.6,49.9,Low,1
252,Emily Flores,65.9,3.1,54.0,45.8,58.8,0,0,5.7,40.1,Low,1
253,Ibrahim Huang,73.7,16.1,62.4,56.4,62.3,1,2,6.2,74.4,Medium,0
254,Owen Smith,96.3,29.0,77.2,85.9,96.5,1,2,6.7,100.0,High,0
255,Ezra Smith,96.3,29.0,77.2,85.9,96.5,1,2,6.7,100.0,High,0
256,Siddharth Kapoor,70.0,5.6,51.9,52.6,50.1,0,1,6.6,52.0,Medium,0
257,Arya Zhao,65.9,3.1,54.0,45.8,58.8,0,2,5.7,50.0,Low,1
258,Julia Williams,96.3,29.0,77.2,85.9,96.5,1,2,6.7,100.0,High,0
259,Aria Snyder,96.3,29.0,77.2,85.9,96.5,1,1,6.7,100.0,High,0
260,Camila Campbell,70.0,5.6,51.9,52.6,50.1,1,1,6.6,57.9,Medium,0
261,Ethan Reyes,96.3,29.0,77.2,85.9,96.5,0,2,6.7,100.0,High,0
262,Devon Singh,65.9,3.1,54.0,45.8,58.8,0,2,5.7,47.3,Low,1
263,Adrian Martin,73.7,16.1,62.4,56.4,62.3,0,1,6.2,70.8,Medium,0
264,Emma Miller,96.3,29.0,77.2,85.9,96.5,0,1,6.7,100.0,High,0
265,Zain Kumar,65.9,3.1,54.0,45.8,58.8,1,1,5.7,43.7,Low,1
266,Nathan Jenkins,96.3,29.0,77.2,85.9,96.5,1,2,6.7,100.0,High,0
267,Maya Shah,73.7,16.1,62.4,56.4,62.3,1,2,6.2,76.7,High,0
268,Luna Tanaka,96.3,29.0,77.2,85.9,96.5,1,2,6.7,100.0,High,0
269,Gabriel Iqbal,96.3,29.0,77.2,85.9,96.5,1,2,6.7,100.0,High,0
270,Julia Zhao,96.3,29.0,77.2,85.9,96.5,0,1,6.7,100.0,High,0
271,Nora Wood,96.3,29.0,77.2,85.9,96.5,1,2,6.7,100.0,High,0
272,Hanna Murphy,96.3,29.0,77.2,85.9,96.5,1,2,6.7,100.0,High,0
273,Julia Liu,96.3,29.0,77.2,85.9,96.5,0,1,6.7,100.0,High,0
274,Oliver Myers,70.0,5.6,51.9,52.6,50.1,1,2,6.6,56.4,Medium,0
275,Xavier Vargas,70.0,5.6,51.9,52.6,50.1,0,0,6.6,50.7,Medium,0
276,Eli Morgan,73.7,16.1,62.4,56.4,62.3,1,1,6.2,72.2,Medium,0
277,Ezra Gomez,73.7,16.1,62.4,56.4,62.3,1,0,6.2,71.6,Medium,0
278,Sebastian Jenkins,73.7,16.1,62.4,56.4,62.3,1,2,6.2,78.4,High,0
279,Valentina Gonzales,65.9,3.1,54.0,45.8,58.8,0,0,5.7,41.9,Low,1
280,Liam Thomas,65.9,3.1,54.0,45.8,58.8,1,0,5.7,38.6,Low,1
281,Kavya Vargas,96.3,29.0,77.2,85.9,96.5,1,1,6.7,100.0,High,0
282,Marcus Vargas,96.3,29.0,77.2,85.9,96.5,1,2,6.7,100.0,High,0
283,Gabriel Sullivan,96.3,29.0,77.2,85.9,96.5,0,1,6.7,100.0,High,0
284,Priya Reyes,96.3,29.0,77.2,85.9,96.5,1,2,6.7,100.0,High,0
285,James Khan,70.0,5.6,51.9,52.6,50.1,1,1,6.6,58.2,Medium,0
286,Samuel Wood,73.7,16.1,62.4,56.4,62.3,0,1,6.2,72.3,Medium,0
287,David Jones,96.3,29.0,77.2,85.9,96.5,0,2,6.7,100.0,High,0
288,Yasmin Miller,73.7,16.1,62.4,56.4,62.3,0,2,6.2,74.7,Medium,0
289,Devon Ramirez,73.7,16.1,62.4,56.4,62.3,1,1,6.2,76.2,High,0
290,Amelia Lin,96.3,29.0,77.2,85.9,96.5,0,0,6.7,100.0,High,0
291,Mateo Ahmed,65.9,3.1,54.0,45.8,58.8,0,2,5.7,43.6,Low,1
292,Diego Ahmed,96.3,29.0,77.2,85.9,96.5,1,2,6.7,100.0,High,0
293,Xavier Becker,65.9,3.1,54.0,45.8,58.8,1,0,5.7,44.1,Low,1
294,Lucy Shah,96.3,29.0,77.2,85.9,96.5,0,1,6.7,100.0,High,0
295,Zara Torres,65.9,3.1,54.0,45.8,58.8,0,1,5.7,45.5,Low,1
296,Emily Hill,65.9,3.1,54.0,45.8,58.8,0,0,5.7,42.5,Low,1
297,Sarah Lewis,65.9,3.1,54.0,45.8,58.8,0,1,5.7,41.6,Low,1
298,Tariq Rivera,65.9,3.1,54.0,45.8,58.8,1,1,5.7,47.9,Low,1
299,Eli Edwards,70.0,5.6,51.9,52.6,50.1,0,0,6.6,54.3,Medium,0
300,Leo Ali,70.0,5.6,51.9,52.6,50.1,1,1,6.6,57.6,Medium,0
301,Joseph Jiang,70.0,5.6,51.9,52.6,50.1,1,2,6.6,58.6,Medium,0
302,Sam Yang,96.3,29.0,77.2,85.9,96.5,1,2,6.7,100.0,High,0
303,Rani Adams,73.7,16.1,62.4,56.4,62.3,1,0,6.2,69.8,Medium,0
304,Tariq Davis,73.7,16.1,62.4,56.4,62.3,1,1,6.2,73.2,Medium,0
305,Arya Lee,65.9,3.1,54.0,45.8,58.8,0,0,5.7,36.5,Low,1
306,Kenji Kowalski,73.7,16.1,62.4,56.4,62.3,1,1,6.2,76.8,High,0
307,Nathan Kelly,73.7,16.1,62.4,56.4,62.3,1,1,6.2,72.3,Medium,0
308,Hannah Diallo,70.0,5.6,51.9,52.6,50.1,0,1,6.6,53.9,Medium,0
309,Uma Ortiz,96.3,29.0,77.2,85.9,96.5,1,2,6.7,100.0,High,0
310,Sophia Jones,96.3,29.0,77.2,85.9,96.5,1,1,6.7,100.0,High,0
311,Maria Mehta,73.7,16.1,62.4,56.4,62.3,1,1,6.2,69.9,Medium,0
312,Joshua Yang,73.7,16.1,62.4,56.4,62.3,0,0,6.2,63.0,Medium,0
313,John Cruz,96.3,29.0,77.2,85.9,96.5,1,1,6.7,100.0,High,0
314,Alexander Wood,73.7,16.1,62.4,56.4,62.3,0,1,6.2,65.4,Medium,0
315,Nolan Peterson,73.7,16.1,62.4,56.4,62.3,0,1,6.2,75.8,High,0
316,Luna Gonzales,73.7,16.1,62.4,56.4,62.3,0,2,6.2,80.3,High,0
317,Elena Choudhury,73.7,16.1,62.4,56.4,62.3,1,1,6.2,73.7,Medium,0
318,Adrian Murphy,70.0,5.6,51.9,52.6,50.1,0,1,6.6,60.1,Medium,0
319,Kai Okafor,73.7,16.1,62.4,56.4,62.3,0,1,6.2,72.7,Medium,0
320,Sofia Gonzales,65.9,3.1,54.0,45.8,58.8,1,1,5.7,49.9,Low,1
321,Mei Myers,65.9,3.1,54.0,45.8,58.8,1,0,5.7,40.7,Low,1
322,Wyatt Joshi,73.7,16.1,62.4,56.4,62.3,1,0,6.2,64.0,Medium,0
323,Rani Kapoor,73.7,16.1,62.4,56.4,62.3,0,2,6.2,74.5,Medium,0
324,Thomas Lee,73.7,16.1,62.4,56.4,62.3,0,1,6.2,78.8,High,0
325,Michael Hernandez,65.9,3.1,54.0,45.8,58.8,0,1,5.7,44.7,Low,1
326,Asher Green,70.0,5.6,51.9,52.6,50.1,0,2,6.6,55.8,Medium,0
327,Anthony Tran,65.9,3.1,54.0,45.8,58.8,1,0,5.7,43.5,Low,1
328,Eli Walker,73.7,16.1,62.4,56.4,62.3,1,2,6.2,79.7,High,0
329,Charlotte Kumar,70.0,5.6,51.9,52.6,50.1,0,1,6.6,55.3,Medium,0
330,Hannah Zhao,73.7,16.1,62.4,56.4,62.3,0,0,6.2,80.0,High,0
331,Maria Nakamura,70.0,5.6,51.9,52.6,50.1,0,1,6.6,53.8,Medium,0
332,Olivia Bailey,96.3,29.0,77.2,85.9,96.5,1,2,6.7,100.0,High,0
333,Lucy Nguyen,70.0,5.6,51.9,52.6,50.1,1,1,6.6,59.7,Medium,0
334,Henry Park,65.9,3.1,54.0,45.8,58.8,0,1,5.7,40.4,Low,1
335,Sara Lewis,96.3,29.0,77.2,85.9,96.5,1,1,6.7,100.0,High,0
336,Aarav Chavez,70.0,5.6,51.9,52.6,50.1,1,0,6.6,58.6,Medium,0
337,Harper Lin,96.3,29.0,77.2,85.9,96.5,0,1,6.7,100.0,High,0
338,Jack Hernandez,70.0,5.6,51.9,52.6,50.1,1,1,6.6,58.2,Medium,0
339,Sara Moore,96.3,29.0,77.2,85.9,96.5,1,2,6.7,100.0,High,0
340,Arya Das,65.9,3.1,54.0,45.8,58.8,0,2,5.7,47.1,Low,1
341,Adrian Ramirez,96.3,29.0,77.2,85.9,96.5,1,2,6.7,100.0,High,0
342,Aditi Walker,65.9,3.1,54.0,45.8,58.8,0,1,5.7,42.6,Low,1
343,Aria Gupta,65.9,3.1,54.0,45.8,58.8,0,0,5.7,42.1,Low,1
344,Isabella Mitchell,70.0,5.6,51.9,52.6,50.1,1,0,6.6,53.6,Medium,0
345,Ian Yamamoto,70.0,5.6,51.9,52.6,50.1,1,1,6.6,55.0,Medium,0
346,Emma Silva,70.0,5.6,51.9,52.6,50.1,0,0,6.6,52.7,Medium,0
347,Emma Kapoor,65.9,3.1,54.0,45.8,58.8,0,2,5.7,43.2,Low,1
348,Emily White,96.3,29.0,77.2,85.9,96.5,0,1,6.7,100.0,High,0
349,Aria Basu,70.0,5.6,51.9,52.6,50.1,0,1,6.6,58.8,Medium,0
350,Priya Kapoor,96.3,29.0,77.2,85.9,96.5,1,2,6.7,100.0,High,0
351,Nathan Lee,70.0,5.6,51.9,52.6,50.1,0,1,6.6,62.7,Medium,0
352,Ethan Huang,96.3,29.0,77.2,85.9,96.5,1,0,6.7,100.0,High,0
353,Stella Sanders,70.0,5.6,51.9,52.6,50.1,1,2,6.6,59.2,Medium,0
354,Ryan Santos,70.0,5.6,51.9,52.6,50.1,1,0,6.6,58.2,Medium,0
355,Nathan Rossi,73.7,16.1,62.4,56.4,62.3,1,1,6.2,67.4,Medium,0
356,Yara Adams,73.7,16.1,62.4,56.4,62.3,1,1,6.2,73.5,Medium,0
357,Priya Nelson,70.0,5.6,51.9,52.6,50.1,0,0,6.6,51.6,Medium,0
358,Xavier Alvarez,70.0,5.6,51.9,52.6,50.1,1,1,6.6,57.8,Medium,0
359,Sam Garcia,73.7,16.1,62.4,56.4,62.3,1,1,6.2,75.6,High,0
360,Jasmine Wilson,70.0,5.6,51.9,52.6,50.1,0,1,6.6,55.3,Medium,0
361,Zain Reyes,65.9,3.1,54.0,45.8,58.8,1,1,5.7,43.9,Low,1
362,Henry Osei,96.3,29.0,77.2,85.9,96.5,1,0,6.7,100.0,High,0
363,Ariana Green,96.3,29.0,77.2,85.9,96.5,1,1,6.7,100.0,High,0
364,Luna Martinez,96.3,29.0,77.2,85.9,96.5,1,2,6.7,100.0,High,0
365,Devon Jiang,70.0,5.6,51.9,52.6,50.1,1,2,6.6,59.6,Medium,0
366,Jasmine Basu,73.7,16.1,62.4,56.4,62.3,1,1,6.2,80.7,High,0
367,Amara Khan,70.0,5.6,51.9,52.6,50.1,0,1,6.6,56.2,Medium,0
368,Aditi Wang,70.0,5.6,51.9,52.6,50.1,1,2,6.6,57.3,Medium,0
369,Charlotte Hill,73.7,16.1,62.4,56.4,62.3,1,1,6.2,67.6,Medium,0
370,Maria Morgan,65.9,3.1,54.0,45.8,58.8,0,1,5.7,37.8,Low,1
371,Camila Liu,70.0,5.6,51.9,52.6,50.1,0,0,6.6,51.9,Medium,0
372,Riley Harris,96.3,29.0,77.2,85.9,96.5,1,2,6.7,100.0,High,0
373,Arya Chen,73.7,16.1,62.4,56.4,62.3,1,1,6.2,72.4,Medium,0
374,Ethan Novak,73.7,16.1,62.4,56.4,62.3,0,1,6.2,74.0,Medium,0
375,Ian Sullivan,96.3,29.0,77.2,85.9,96.5,1,1,6.7,100.0,High,0
376,Luna Adams,96.3,29.0,77.2,85.9,96.5,0,2,6.7,100.0,High,0
377,Mason Li,65.9,3.1,54.0,45.8,58.8,1,0,5.7,44.4,Low,1
378,Priya Choudhury,73.7,16.1,62.4,56.4,62.3,0,2,6.2,79.6,High,0
379,Jacob Dubois,73.7,16.1,62.4,56.4,62.3,1,2,6.2,72.4,Medium,0
380,Emily Silva,70.0,5.6,51.9,52.6,50.1,1,0,6.6,55.9,Medium,0
381,Jack Walker,70.0,5.6,51.9,52.6,50.1,0,0,6.6,46.9,Low,1
382,Harper Osei,65.9,3.1,54.0,45.8,58.8,0,1,5.7,37.6,Low,1
383,Rohan Jiang,70.0,5.6,51.9,52.6,50.1,0,1,6.6,53.5,Medium,0
384,Elijah Zhao,73.7,16.1,62.4,56.4,62.3,1,1,6.2,78.3,High,0
385,Julian Sullivan,73.7,16.1,62.4,56.4,62.3,1,1,6.2,71.6,Medium,0
386,Adrian Nakamura,65.9,3.1,54.0,45.8,58.8,1,1,5.7,41.4,Low,1
387,Carlos Rivera,70.0,5.6,51.9,52.6,50.1,1,1,6.6,57.2,Medium,0
388,Isaac Ortiz,65.9,3.1,54.0,45.8,58.8,0,0,5.7,40.9,Low,1
389,Aria Walker,96.3,29.0,77.2,85.9,96.5,1,2,6.7,100.0,High,0
390,Mila Verma,65.9,3.1,54.0,45.8,58.8,0,1,5.7,49.8,Low,1
391,Andre Edwards,70.0,5.6,51.9,52.6,50.1,0,1,6.6,54.6,Medium,0
392,Arjun Fernandez,96.3,29.0,77.2,85.9,96.5,0,1,6.7,100.0,High,0
393,John Stewart,70.0,5.6,51.9,52.6,50.1,0,1,6.6,54.2,Medium,0
394,Ezra Ramirez,70.0,5.6,51.9,52.6,50.1,1,1,6.6,58.6,Medium,0
395,Diya Watson,96.3,29.0,77.2,85.9,96.5,0,2,6.7,100.0,High,0
396,Julian Bailey,73.7,16.1,62.4,56.4,62.3,0,1,6.2,78.6,High,0
397,David Muller,65.9,3.1,54.0,45.8,58.8,0,2,5.7,42.1,Low,1
398,Aria Russell,73.7,16.1,62.4,56.4,62.3,1,1,6.2,78.2,High,0
399,Tariq Cooper,73.7,16.1,62.4,56.4,62.3,0,1,6.2,74.7,Medium,0
400,Ian Gonzales,73.7,16.1,62.4,56.4,62.3,1,2,6.2,79.7,High,0
401,Adam Diaz,73.7,16.1,62.4,56.4,62.3,1,0,6.2,72.0,Medium,0
402,Gabriel Silva,65.9,3.1,54.0,45.8,58.8,0,0,5.7,40.1,Low,1
403,Farhan Young,70.0,5.6,51.9,52.6,50.1,0,1,6.6,58.8,Medium,0
404,Diego Taylor,96.3,29.0,77.2,85.9,96.5,1,2,6.7,100.0,High,0
405,Devon Rodriguez,65.9,3.1,54.0,45.8,58.8,0,0,5.7,46.3,Low,1
406,Chloe Park,65.9,3.1,54.0,45.8,58.8,0,0,5.7,41.5,Low,1
407,Eli Patel,73.7,16.1,62.4,56.4,62.3,0,0,6.2,70.4,Medium,0
408,Adam Kaur,65.9,3.1,54.0,45.8,58.8,0,2,5.7,36.2,Low,1
409,Ibrahim Ward,96.3,29.0,77.2,85.9,96.5,0,0,6.7,98.1,High,0
410,Wei Price,65.9,3.1,54.0,45.8,58.8,0,0,5.7,39.4,Low,1
411,Anthony Wood,70.0,5.6,51.9,52.6,50.1,1,0,6.6,51.2,Medium,0
412,Caleb Novak,70.0,5.6,51.9,52.6,50.1,1,1,6.6,59.9,Medium,0
413,Kenji Dubois,96.3,29.0,77.2,85.9,96.5,1,1,6.7,100.0,High,0
414,Andrew White,65.9,3.1,54.0,45.8,58.8,1,2,5.7,44.5,Low,1
415,Elizabeth Turner,96.3,29.0,77.2,85.9,96.5,1,2,6.7,100.0,High,0
416,Elijah Baker,96.3,29.0,77.2,85.9,96.5,0,1,6.7,100.0,High,0
417,Benjamin Kumar,96.3,29.0,77.2,85.9,96.5,1,1,6.7,100.0,High,0
418,Zara Lopez,70.0,5.6,51.9,52.6,50.1,1,1,6.6,58.6,Medium,0
419,Isaac Cruz,96.3,29.0,77.2,85.9,96.5,0,1,6.7,100.0,High,0
420,Jack Edwards,65.9,3.1,54.0,45.8,58.8,0,0,5.7,44.0,Low,1
421,Emma Choudhury,70.0,5.6,51.9,52.6,50.1,1,1,6.6,60.0,Medium,0
422,Eva Verma,96.3,29.0,77.2,85.9,96.5,1,1,6.7,100.0,High,0
423,Camila Allen,96.3,29.0,77.2,85.9,96.5,1,2,6.7,100.0,High,0
424,Layla Al-Mansoor,96.3,29.0,77.2,85.9,96.5,0,2,6.7,100.0,High,0
425,Devon Sharma,70.0,5.6,51.9,52.6,50.1,0,2,6.6,57.5,Medium,0
426,Amelia Johnson,65.9,3.1,54.0,45.8,58.8,0,0,5.7,41.8,Low,1
427,Andrew Ahmed,96.3,29.0,77.2,85.9,96.5,0,2,6.7,100.0,High,0
428,Lucas Zhang,65.9,3.1,54.0,45.8,58.8,0,1,5.7,46.8,Low,1
429,Maria Chen,96.3,29.0,77.2,85.9,96.5,0,1,6.7,100.0,High,0
430,Nadia Diaz,65.9,3.1,54.0,45.8,58.8,1,0,5.7,39.1,Low,1
431,Camila Larsen,65.9,3.1,54.0,45.8,58.8,0,0,5.7,39.2,Low,1
432,Amelia Perez,70.0,5.6,51.9,52.6,50.1,1,2,6.6,65.8,Medium,0
433,Leila Chen,70.0,5.6,51.9,52.6,50.1,0,1,6.6,57.9,Medium,0
434,Zoe Khan,65.9,3.1,54.0,45.8,58.8,0,1,5.7,46.5,Low,1
435,Sarah Chavez,96.3,29.0,77.2,85.9,96.5,1,2,6.7,100.0,High,0
436,Abigail Davis,96.3,29.0,77.2,85.9,96.5,1,2,6.7,100.0,High,0
437,Ezra Thomas,96.3,29.0,77.2,85.9,96.5,1,1,6.7,100.0,High,0
438,Fatima Sanders,73.7,16.1,62.4,56.4,62.3,1,0,6.2,72.9,Medium,0
439,Julian Hall,70.0,5.6,51.9,52.6,50.1,0,1,6.6,55.0,Medium,0
440,Varun Evans,70.0,5.6,51.9,52.6,50.1,1,2,6.6,57.4,Medium,0
441,Elena Jackson,65.9,3.1,54.0,45.8,58.8,0,1,5.7,41.5,Low,1
442,Nadia Wilson,96.3,29.0,77.2,85.9,96.5,1,1,6.7,100.0,High,0
443,Luna Morales,70.0,5.6,51.9,52.6,50.1,0,2,6.6,56.9,Medium,0
444,Yara Reddy,96.3,29.0,77.2,85.9,96.5,0,2,6.7,100.0,High,0
445,Zara Patel,96.3,29.0,77.2,85.9,96.5,1,1,6.7,100.0,High,0
446,Devon Basu,70.0,5.6,51.9,52.6,50.1,0,0,6.6,54.8,Medium,0
447,Kofi Lee,65.9,3.1,54.0,45.8,58.8,0,0,5.7,45.6,Low,1
448,Aisha Vargas,70.0,5.6,51.9,52.6,50.1,0,2,6.6,56.9,Medium,0
449,Carlos Iqbal,96.3,29.0,77.2,85.9,96.5,1,1,6.7,100.0,High,0
450,Isaac Snyder,70.0,5.6,51.9,52.6,50.1,1,1,6.6,60.3,Medium,0
451,Lucy Tran,96.3,29.0,77.2,85.9,96.5,1,2,6.7,100.0,High,0
452,Nora Russell,65.9,3.1,54.0,45.8,58.8,0,0,5.7,40.7,Low,1
453,Adrian Iqbal,70.0,5.6,51.9,52.6,50.1,0,2,6.6,53.9,Medium,0
454,Noah Alvarez,96.3,29.0,77.2,85.9,96.5,1,0,6.7,98.7,High,0
455,Diya Kaur,96.3,29.0,77.2,85.9,96.5,0,2,6.7,100.0,High,0
456,Aarav Shah,96.3,29.0,77.2,85.9,96.5,0,2,6.7,100.0,High,0
457,Zachary Cruz,65.9,3.1,54.0,45.8,58.8,1,1,5.7,44.3,Low,1
458,Jasmine Martinez,73.7,16.1,62.4,56.4,62.3,1,2,6.2,80.2,High,0
459,David Gonzales,70.0,5.6,51.9,52.6,50.1,1,1,6.6,63.6,Medium,0
460,Zara Jones,70.0,5.6,51.9,52.6,50.1,1,1,6.6,57.4,Medium,0
461,Benjamin King,70.0,5.6,51.9,52.6,50.1,1,1,6.6,60.6,Medium,0
462,Owen Novak,96.3,29.0,77.2,85.9,96.5,1,2,6.7,100.0,High,0
463,Zachary Jenkins,65.9,3.1,54.0,45.8,58.8,1,0,5.7,41.0,Low,1
464,Asher Ramirez,73.7,16.1,62.4,56.4,62.3,1,1,6.2,67.6,Medium,0
465,Zoe OConnor,70.0,5.6,51.9,52.6,50.1,0,1,6.6,61.3,Medium,0
466,William Moore,70.0,5.6,51.9,52.6,50.1,0,0,6.6,49.9,Low,1
467,Leila Johnson,70.0,5.6,51.9,52.6,50.1,1,0,6.6,59.9,Medium,0
468,Zachary Gordon,65.9,3.1,54.0,45.8,58.8,0,0,5.7,42.7,Low,1
469,Hannah Allen,96.3,29.0,77.2,85.9,96.5,1,2,6.7,100.0,High,0
470,Leo Menon,73.7,16.1,62.4,56.4,62.3,1,2,6.2,77.4,High,0
471,Chloe Adams,73.7,16.1,62.4,56.4,62.3,1,1,6.2,81.8,High,0
472,Kiran Kim,73.7,16.1,62.4,56.4,62.3,0,2,6.2,80.2,High,0
473,Stella Joshi,96.3,29.0,77.2,85.9,96.5,1,1,6.7,100.0,High,0
474,Rohan Okafor,96.3,29.0,77.2,85.9,96.5,0,2,6.7,100.0,High,0
475,Michael Mehta,96.3,29.0,77.2,85.9,96.5,1,1,6.7,100.0,High,0
476,Aditi Sullivan,73.7,16.1,62.4,56.4,62.3,1,0,6.2,71.7,Medium,0
477,Eli Suzuki,73.7,16.1,62.4,56.4,62.3,1,0,6.2,76.5,High,0
478,Sofia Turner,70.0,5.6,51.9,52.6,50.1,0,1,6.6,58.2,Medium,0
479,Zain OConnor,70.0,5.6,51.9,52.6,50.1,0,1,6.6,49.6,Low,1
480,Noah Peterson,73.7,16.1,62.4,56.4,62.3,1,1,6.2,75.9,High,0
481,Leila Diaz,73.7,16.1,62.4,56.4,62.3,1,1,6.2,73.7,Medium,0
482,Theo Diaz,96.3,29.0,77.2,85.9,96.5,1,2,6.7,100.0,High,0
483,Julia Clark,70.0,5.6,51.9,52.6,50.1,1,2,6.6,59.9,Medium,0
484,Alexander Ward,73.7,16.1,62.4,56.4,62.3,1,1,6.2,78.5,High,0
485,Asher Young,96.3,29.0,77.2,85.9,96.5,0,2,6.7,100.0,High,0
486,Sam Hernandez,73.7,16.1,62.4,56.4,62.3,1,1,6.2,71.7,Medium,0
487,Rohan Turner,73.7,16.1,62.4,56.4,62.3,1,1,6.2,74.1,Medium,0
488,Carlos Hernandez,96.3,29.0,77.2,85.9,96.5,0,2,6.7,100.0,High,0
489,Aisha Tanaka,70.0,5.6,51.9,52.6,50.1,1,1,6.6,51.2,Medium,0
490,Emily Young,70.0,5.6,51.9,52.6,50.1,0,2,6.6,57.2,Medium,0
491,Serena Ito,70.0,5.6,51.9,52.6,50.1,0,1,6.6,62.0,Medium,0
492,Siddharth Kumar,70.0,5.6,51.9,52.6,50.1,0,2,6.6,51.6,Medium,0
493,Uma Shah,70.0,5.6,51.9,52.6,50.1,0,1,6.6,55.5,Medium,0
494,Jasmine Larsen,73.7,16.1,62.4,56.4,62.3,1,2,6.2,76.1,High,0
495,Aditi White,70.0,5.6,51.9,52.6,50.1,0,2,6.6,58.6,Medium,0
496,Sara Shah,70.0,5.6,51.9,52.6,50.1,0,1,6.6,52.2,Medium,0
497,Nadia Suzuki,73.7,16.1,62.4,56.4,62.3,1,2,6.2,71.3,Medium,0
498,Nora Lewis,70.0,5.6,51.9,52.6,50.1,0,1,6.6,50.7,Medium,0
499,Nora Nakamura,73.7,16.1,62.4,56.4,62.3,1,1,6.2,79.0,High,0
500,Layla Davis,73.7,16.1,62.4,56.4,62.3,1,0,6.2,68.9,Medium,0
501,David Nelson,70.0,5.6,51.9,52.6,50.1,1,1,6.6,55.3,Medium,0
502,Xavier Scott,65.9,3.1,54.0,45.8,58.8,0,1,5.7,50.2,Medium,0
503,Uma Rivera,65.9,3.1,54.0,45.8,58.8,0,2,5.7,42.2,Low,1
504,Kenji Morgan,73.7,16.1,62.4,56.4,62.3,0,1,6.2,74.0,Medium,0
505,Henry Alvarez,73.7,16.1,62.4,56.4,62.3,1,0,6.2,76.0,High,0
506,Dev Larsen,70.0,5.6,51.9,52.6,50.1,1,1,6.6,60.6,Medium,0
507,Elijah Chavez,73.7,16.1,62.4,56.4,62.3,0,1,6.2,68.1,Medium,0
508,Marcus OConnor,65.9,3.1,54.0,45.8,58.8,0,0,5.7,38.3,Low,1
509,Carlos Walker,73.7,16.1,62.4,56.4,62.3,1,2,6.2,77.4,High,0
510,Thomas Rao,96.3,29.0,77.2,85.9,96.5,1,2,6.7,100.0,High,0
511,Adam Gomez,96.3,29.0,77.2,85.9,96.5,0,2,6.7,100.0,High,0
512,Kiran Diallo,65.9,3.1,54.0,45.8,58.8,1,1,5.7,42.6,Low,1
513,Tariq Stewart,96.3,29.0,77.2,85.9,96.5,1,2,6.7,100.0,High,0
514,Arjun Becker,73.7,16.1,62.4,56.4,62.3,0,1,6.2,75.0,Medium,0
515,Sebastian Kapoor,73.7,16.1,62.4,56.4,62.3,1,2,6.2,78.7,High,0
516,Arjun King,96.3,29.0,77.2,85.9,96.5,1,2,6.7,100.0,High,0
517,Serena Nakamura,73.7,16.1,62.4,56.4,62.3,0,2,6.2,72.9,Medium,0
518,Suraj Gupta,70.0,5.6,51.9,52.6,50.1,0,1,6.6,56.3,Medium,0
519,Mateo Watson,96.3,29.0,77.2,85.9,96.5,1,1,6.7,100.0,High,0
520,Adam Yamamoto,65.9,3.1,54.0,45.8,58.8,1,1,5.7,43.5,Low,1
521,Joseph Patel,65.9,3.1,54.0,45.8,58.8,1,0,5.7,42.2,Low,1
522,Ariana Stewart,73.7,16.1,62.4,56.4,62.3,1,2,6.2,72.7,Medium,0
523,Kofi Washington,96.3,29.0,77.2,85.9,96.5,1,2,6.7,100.0,High,0
524,Uma Ahmed,70.0,5.6,51.9,52.6,50.1,0,0,6.6,54.1,Medium,0
525,Zoe Campbell,96.3,29.0,77.2,85.9,96.5,1,2,6.7,100.0,High,0
526,Elizabeth Jenkins,73.7,16.1,62.4,56.4,62.3,1,1,6.2,74.4,Medium,0
527,Yuki Yamamoto,65.9,3.1,54.0,45.8,58.8,0,1,5.7,43.1,Low,1
528,Mateo Suzuki,65.9,3.1,54.0,45.8,58.8,0,0,5.7,35.6,Low,1
529,Maria Ortiz,70.0,5.6,51.9,52.6,50.1,0,1,6.6,48.0,Low,1
530,Aria Young,73.7,16.1,62.4,56.4,62.3,1,0,6.2,76.7,High,0
531,Michael Walker,70.0,5.6,51.9,52.6,50.1,0,0,6.6,53.8,Medium,0
532,Elijah Evans,70.0,5.6,51.9,52.6,50.1,0,1,6.6,56.3,Medium,0
533,Benjamin Patel,73.7,16.1,62.4,56.4,62.3,0,1,6.2,68.4,Medium,0
534,Hanna Peterson,70.0,5.6,51.9,52.6,50.1,0,1,6.6,52.4,Medium,0
535,Nadia Campbell,96.3,29.0,77.2,85.9,96.5,1,2,6.7,100.0,High,0
536,Hanna Harris,96.3,29.0,77.2,85.9,96.5,1,2,6.7,100.0,High,0
537,Joshua Scott,73.7,16.1,62.4,56.4,62.3,1,1,6.2,72.1,Medium,0
538,Kenji Liu,96.3,29.0,77.2,85.9,96.5,1,1,6.7,100.0,High,0
539,Wei Silva,96.3,29.0,77.2,85.9,96.5,0,2,6.7,100.0,High,0
540,Theo Edwards,65.9,3.1,54.0,45.8,58.8,0,0,5.7,40.4,Low,1
541,Theo Adams,65.9,3.1,54.0,45.8,58.8,0,0,5.7,47.3,Low,1
542,Owen Kim,70.0,5.6,51.9,52.6,50.1,0,1,6.6,54.0,Medium,0
543,Thomas Wilson,65.9,3.1,54.0,45.8,58.8,0,1,5.7,47.1,Low,1
544,Ibrahim Morgan,65.9,3.1,54.0,45.8,58.8,1,2,5.7,47.6,Low,1
545,Xavier Clark,96.3,29.0,77.2,85.9,96.5,1,2,6.7,100.0,High,0
546,Camila Rao,73.7,16.1,62.4,56.4,62.3,1,1,6.2,79.1,High,0
547,Aarav Murphy,73.7,16.1,62.4,56.4,62.3,1,1,6.2,75.3,High,0
548,Jasmine Miller,96.3,29.0,77.2,85.9,96.5,1,2,6.7,100.0,High,0
549,Ryan White,70.0,5.6,51.9,52.6,50.1,0,1,6.6,60.4,Medium,0
550,Charlotte Valdez,73.7,16.1,62.4,56.4,62.3,0,1,6.2,77.2,High,0
551,Isaac Perez,73.7,16.1,62.4,56.4,62.3,1,0,6.2,76.5,High,0
552,Valentina King,96.3,29.0,77.2,85.9,96.5,1,2,6.7,95.6,High,0
553,Eva Larsen,96.3,29.0,77.2,85.9,96.5,1,1,6.7,100.0,High,0
554,Sara Rao,65.9,3.1,54.0,45.8,58.8,0,0,5.7,41.5,Low,1
555,Layla Becker,96.3,29.0,77.2,85.9,96.5,1,2,6.7,100.0,High,0
556,Liam Rao,96.3,29.0,77.2,85.9,96.5,1,2,6.7,100.0,High,0
557,Elizabeth Johnson,73.7,16.1,62.4,56.4,62.3,1,0,6.2,73.2,Medium,0
558,Zoe Morgan,73.7,16.1,62.4,56.4,62.3,0,1,6.2,75.2,High,0
559,Samuel Li,70.0,5.6,51.9,52.6,50.1,0,0,6.6,52.6,Medium,0
560,Zara Kapoor,73.7,16.1,62.4,56.4,62.3,0,0,6.2,76.0,High,0
561,Dev Washington,96.3,29.0,77.2,85.9,96.5,1,1,6.7,100.0,High,0
562,Kai Novak,96.3,29.0,77.2,85.9,96.5,0,2,6.7,100.0,High,0
563,Zoe Ward,65.9,3.1,54.0,45.8,58.8,1,1,5.7,46.0,Low,1
564,Ian Myers,70.0,5.6,51.9,52.6,50.1,0,1,6.6,59.6,Medium,0
565,Jasmine Yang,70.0,5.6,51.9,52.6,50.1,1,1,6.6,60.6,Medium,0
566,Jayden Baker,70.0,5.6,51.9,52.6,50.1,0,2,6.6,57.2,Medium,0
567,Sara Valdez,70.0,5.6,51.9,52.6,50.1,1,1,6.6,60.5,Medium,0
568,Zachary Sanders,96.3,29.0,77.2,85.9,96.5,1,1,6.7,100.0,High,0
569,Jack Harris,73.7,16.1,62.4,56.4,62.3,1,2,6.2,83.0,High,0
570,Adrian Lewis,73.7,16.1,62.4,56.4,62.3,0,0,6.2,74.6,Medium,0
571,Emma Yang,73.7,16.1,62.4,56.4,62.3,1,1,6.2,72.1,Medium,0
572,Ryan Brown,65.9,3.1,54.0,45.8,58.8,0,2,5.7,53.0,Medium,0
573,Tariq King,73.7,16.1,62.4,56.4,62.3,1,2,6.2,68.9,Medium,0
574,Asher Ali,70.0,5.6,51.9,52.6,50.1,0,1,6.6,57.8,Medium,0
575,Diego Jenkins,65.9,3.1,54.0,45.8,58.8,1,1,5.7,41.9,Low,1
576,Michael Reyes,73.7,16.1,62.4,56.4,62.3,1,1,6.2,80.9,High,0
577,Arjun Diallo,65.9,3.1,54.0,45.8,58.8,0,2,5.7,45.7,Low,1
578,Pooja Chen,70.0,5.6,51.9,52.6,50.1,1,1,6.6,54.3,Medium,0
579,Valentina Cruz,65.9,3.1,54.0,45.8,58.8,0,1,5.7,41.9,Low,1
580,Theo Santos,73.7,16.1,62.4,56.4,62.3,1,1,6.2,71.8,Medium,0
581,Adrian Snyder,73.7,16.1,62.4,56.4,62.3,0,1,6.2,71.7,Medium,0
582,Joshua Miller,73.7,16.1,62.4,56.4,62.3,0,0,6.2,69.7,Medium,0
583,Vivaan Rao,96.3,29.0,77.2,85.9,96.5,1,2,6.7,100.0,High,0
584,Adrian Price,73.7,16.1,62.4,56.4,62.3,0,1,6.2,73.7,Medium,0
585,Noah Das,65.9,3.1,54.0,45.8,58.8,1,0,5.7,43.7,Low,1
586,Nadia Edwards,70.0,5.6,51.9,52.6,50.1,0,0,6.6,50.1,Medium,0
587,Ella Lin,96.3,29.0,77.2,85.9,96.5,1,1,6.7,100.0,High,0
588,Luna Gordon,73.7,16.1,62.4,56.4,62.3,0,1,6.2,73.9,Medium,0
589,Aria Iqbal,96.3,29.0,77.2,85.9,96.5,1,2,6.7,100.0,High,0
590,Emily Price,96.3,29.0,77.2,85.9,96.5,0,2,6.7,100.0,High,0
591,Farhan OConnor,65.9,3.1,54.0,45.8,58.8,1,1,5.7,46.2,Low,1
592,Kai Vargas,73.7,16.1,62.4,56.4,62.3,0,1,6.2,78.3,High,0
593,Dev Yamamoto,73.7,16.1,62.4,56.4,62.3,1,1,6.2,77.8,High,0
594,Diya Yamamoto,70.0,5.6,51.9,52.6,50.1,1,1,6.6,66.4,Medium,0
595,Sofia Nguyen,96.3,29.0,77.2,85.9,96.5,0,1,6.7,100.0,High,0
596,John Al-Mansoor,96.3,29.0,77.2,85.9,96.5,1,2,6.7,100.0,High,0
597,Emily Allen,70.0,5.6,51.9,52.6,50.1,1,0,6.6,47.4,Low,1
598,Sebastian Ramirez,70.0,5.6,51.9,52.6,50.1,1,1,6.6,57.0,Medium,0
599,Zachary Ward,65.9,3.1,54.0,45.8,58.8,0,0,5.7,42.6,Low,1
600,Asher King,70.0,5.6,51.9,52.6,50.1,0,1,6.6,55.3,Medium,0
601,Chloe Kaur,73.7,16.1,62.4,56.4,62.3,1,0,6.2,74.8,Medium,0
602,Ezra Taylor,70.0,5.6,51.9,52.6,50.1,0,1,6.6,54.6,Medium,0
603,Julian Price,65.9,3.1,54.0,45.8,58.8,0,1,5.7,40.4,Low,1
604,David Taylor,70.0,5.6,51.9,52.6,50.1,1,0,6.6,53.2,Medium,0
605,Dev Johnson,65.9,3.1,54.0,45.8,58.8,0,2,5.7,44.1,Low,1
606,Jack Gomez,70.0,5.6,51.9,52.6,50.1,0,1,6.6,58.5,Medium,0
607,Elena Murphy,65.9,3.1,54.0,45.8,58.8,0,1,5.7,41.1,Low,1
608,Emma Sanders,96.3,29.0,77.2,85.9,96.5,1,2,6.7,100.0,High,0
609,Nathan Gordon,70.0,5.6,51.9,52.6,50.1,1,0,6.6,57.1,Medium,0
610,Kofi King,73.7,16.1,62.4,56.4,62.3,0,1,6.2,72.1,Medium,0
611,Leo Williams,70.0,5.6,51.9,52.6,50.1,0,0,6.6,57.5,Medium,0
612,Arjun Allen,70.0,5.6,51.9,52.6,50.1,0,0,6.6,50.3,Medium,0
613,Wyatt Patel,65.9,3.1,54.0,45.8,58.8,1,2,5.7,42.3,Low,1
614,Sara Gomez,65.9,3.1,54.0,45.8,58.8,0,0,5.7,41.9,Low,1
615,Anthony Hall,73.7,16.1,62.4,56.4,62.3,1,1,6.2,75.7,High,0
616,Chloe Mitchell,70.0,5.6,51.9,52.6,50.1,0,2,6.6,54.5,Medium,0
617,Ariana Cruz,70.0,5.6,51.9,52.6,50.1,0,2,6.6,62.3,Medium,0
618,Ethan Garcia,73.7,16.1,62.4,56.4,62.3,0,2,6.2,81.5,High,0
619,Zachary King,96.3,29.0,77.2,85.9,96.5,1,2,6.7,100.0,High,0
620,Varun Hill,96.3,29.0,77.2,85.9,96.5,1,1,6.7,100.0,High,0
621,Ryan Kaur,70.0,5.6,51.9,52.6,50.1,1,1,6.6,48.7,Low,1
622,Joseph Ahmed,73.7,16.1,62.4,56.4,62.3,0,0,6.2,74.6,Medium,0
623,Amara Edwards,65.9,3.1,54.0,45.8,58.8,0,0,5.7,37.8,Low,1
624,James Cruz,73.7,16.1,62.4,56.4,62.3,0,0,6.2,74.2,Medium,0
625,Rhea Al-Mansoor,65.9,3.1,54.0,45.8,58.8,0,0,5.7,37.4,Low,1
626,Rhea Nakamura,73.7,16.1,62.4,56.4,62.3,1,1,6.2,74.1,Medium,0
627,David Jiang,70.0,5.6,51.9,52.6,50.1,1,0,6.6,52.2,Medium,0
628,Chloe Ramirez,96.3,29.0,77.2,85.9,96.5,1,1,6.7,100.0,High,0
629,Valentina Kelly,70.0,5.6,51.9,52.6,50.1,1,0,6.6,61.5,Medium,0
630,Hannah Harris,65.9,3.1,54.0,45.8,58.8,0,0,5.7,40.4,Low,1
631,Jacob Taylor,65.9,3.1,54.0,45.8,58.8,0,0,5.7,48.2,Low,1
632,Ethan Morales,65.9,3.1,54.0,45.8,58.8,1,1,5.7,43.0,Low,1
633,Aria Brown,96.3,29.0,77.2,85.9,96.5,1,2,6.7,100.0,High,0
634,Chloe Basu,73.7,16.1,62.4,56.4,62.3,0,1,6.2,67.1,Medium,0
635,Suraj Chen,96.3,29.0,77.2,85.9,96.5,1,2,6.7,100.0,High,0
636,Mason Campbell,96.3,29.0,77.2,85.9,96.5,1,2,6.7,100.0,High,0
637,Aditi Hall,70.0,5.6,51.9,52.6,50.1,0,2,6.6,62.9,Medium,0
638,Ishaan Menon,70.0,5.6,51.9,52.6,50.1,1,2,6.6,59.7,Medium,0
639,Priya Russell,70.0,5.6,51.9,52.6,50.1,0,0,6.6,46.3,Low,1
640,Daniel Brown,65.9,3.1,54.0,45.8,58.8,0,0,5.7,36.2,Low,1
641,Ryan Ortiz,70.0,5.6,51.9,52.6,50.1,1,0,6.6,51.5,Medium,0
642,Mei Alvarez,65.9,3.1,54.0,45.8,58.8,1,0,5.7,45.6,Low,1
643,Pooja Zhao,96.3,29.0,77.2,85.9,96.5,1,1,6.7,100.0,High,0
644,Abigail Alvarez,96.3,29.0,77.2,85.9,96.5,1,1,6.7,100.0,High,0
645,Ishaan Sharma,70.0,5.6,51.9,52.6,50.1,1,2,6.6,57.1,Medium,0
646,Leo Washington,65.9,3.1,54.0,45.8,58.8,1,0,5.7,44.8,Low,1
647,Maya Nelson,96.3,29.0,77.2,85.9,96.5,1,2,6.7,100.0,High,0
648,Serena Li,73.7,16.1,62.4,56.4,62.3,0,2,6.2,76.4,High,0
649,Lucy Russell,70.0,5.6,51.9,52.6,50.1,0,1,6.6,56.9,Medium,0
650,Sebastian Hernandez,96.3,29.0,77.2,85.9,96.5,1,1,6.7,100.0,High,0
651,Maria Kapoor,73.7,16.1,62.4,56.4,62.3,0,1,6.2,74.2,Medium,0
652,Diego Peterson,65.9,3.1,54.0,45.8,58.8,0,2,5.7,45.2,Low,1
653,Mateo Das,70.0,5.6,51.9,52.6,50.1,1,2,6.6,60.8,Medium,0
654,Nolan Kelly,96.3,29.0,77.2,85.9,96.5,0,2,6.7,100.0,High,0
655,Zara Hill,65.9,3.1,54.0,45.8,58.8,0,0,5.7,43.0,Low,1
656,Hannah Snyder,73.7,16.1,62.4,56.4,62.3,1,0,6.2,75.9,High,0
657,Mila Choudhury,65.9,3.1,54.0,45.8,58.8,0,0,5.7,41.9,Low,1
658,Julia Lee,73.7,16.1,62.4,56.4,62.3,1,1,6.2,76.4,High,0
659,Elena Sanders,70.0,5.6,51.9,52.6,50.1,0,2,6.6,57.2,Medium,0
660,Mason Perez,73.7,16.1,62.4,56.4,62.3,0,1,6.2,75.9,High,0
661,Stella Ortiz,96.3,29.0,77.2,85.9,96.5,1,1,6.7,100.0,High,0
662,Elena Fernandez,65.9,3.1,54.0,45.8,58.8,1,0,5.7,38.3,Low,1
663,Amelia Lopez,96.3,29.0,77.2,85.9,96.5,1,2,6.7,100.0,High,0
664,Caleb Anderson,96.3,29.0,77.2,85.9,96.5,0,0,6.7,98.0,High,0
665,Abigail Suzuki,73.7,16.1,62.4,56.4,62.3,0,0,6.2,71.8,Medium,0
666,Varun Scott,70.0,5.6,51.9,52.6,50.1,1,1,6.6,55.7,Medium,0
667,Eva Jones,65.9,3.1,54.0,45.8,58.8,1,1,5.7,42.7,Low,1
668,Neha Yang,65.9,3.1,54.0,45.8,58.8,1,0,5.7,42.9,Low,1
669,Yasmin Jackson,73.7,16.1,62.4,56.4,62.3,1,0,6.2,69.8,Medium,0
670,Camila Zhao,73.7,16.1,62.4,56.4,62.3,0,0,6.2,72.6,Medium,0
671,Samuel Martinez,96.3,29.0,77.2,85.9,96.5,0,2,6.7,100.0,High,0
672,Suraj Smith,70.0,5.6,51.9,52.6,50.1,1,0,6.6,52.9,Medium,0
673,Julia Menon,65.9,3.1,54.0,45.8,58.8,1,2,5.7,51.0,Medium,0
674,Nadia Williams,70.0,5.6,51.9,52.6,50.1,1,1,6.6,57.8,Medium,0
675,Sam Kaur,70.0,5.6,51.9,52.6,50.1,1,1,6.6,59.3,Medium,0
676,Abigail Reddy,73.7,16.1,62.4,56.4,62.3,1,1,6.2,79.3,High,0
677,Liam Clark,65.9,3.1,54.0,45.8,58.8,0,1,5.7,47.7,Low,1
678,Elijah Murphy,73.7,16.1,62.4,56.4,62.3,0,1,6.2,74.8,Medium,0
679,Kavya Kaur,96.3,29.0,77.2,85.9,96.5,1,2,6.7,100.0,High,0
680,Liam Yang,73.7,16.1,62.4,56.4,62.3,1,1,6.2,69.3,Medium,0
681,Ella Ortiz,96.3,29.0,77.2,85.9,96.5,0,0,6.7,100.0,High,0
682,Pooja Silva,96.3,29.0,77.2,85.9,96.5,1,2,6.7,100.0,High,0
683,Sam Jiang,96.3,29.0,77.2,85.9,96.5,1,1,6.7,100.0,High,0
684,Caleb Johnson,73.7,16.1,62.4,56.4,62.3,1,1,6.2,62.2,Medium,0
685,Ryan Al-Mansoor,70.0,5.6,51.9,52.6,50.1,0,0,6.6,56.6,Medium,0
686,Gabriel Hernandez,73.7,16.1,62.4,56.4,62.3,0,0,6.2,74.1,Medium,0
687,Nadia Basu,73.7,16.1,62.4,56.4,62.3,0,2,6.2,73.7,Medium,0
688,Nadia Chavez,65.9,3.1,54.0,45.8,58.8,0,0,5.7,44.3,Low,1
689,Vivaan Dubois,70.0,5.6,51.9,52.6,50.1,0,2,6.6,59.8,Medium,0
690,Rani Valdez,70.0,5.6,51.9,52.6,50.1,0,0,6.6,51.2,Medium,0
691,Julia Bhat,73.7,16.1,62.4,56.4,62.3,1,2,6.2,80.8,High,0
692,Adrian Johnson,65.9,3.1,54.0,45.8,58.8,1,0,5.7,37.9,Low,1
693,Layla Novak,96.3,29.0,77.2,85.9,96.5,1,2,6.7,100.0,High,0
694,Maria Adams,73.7,16.1,62.4,56.4,62.3,1,2,6.2,75.8,High,0
695,Arya Thomas,65.9,3.1,54.0,45.8,58.8,0,0,5.7,37.9,Low,1
696,Kavya Chavez,73.7,16.1,62.4,56.4,62.3,1,1,6.2,75.4,High,0
697,Mason Kumar,70.0,5.6,51.9,52.6,50.1,0,2,6.6,62.2,Medium,0
698,Adrian Diallo,70.0,5.6,51.9,52.6,50.1,0,1,6.6,59.9,Medium,0
699,William Li,70.0,5.6,51.9,52.6,50.1,0,1,6.6,58.1,Medium,0
700,Wyatt Martinez,73.7,16.1,62.4,56.4,62.3,1,0,6.2,66.4,Medium,0
701,Diya Nguyen,96.3,29.0,77.2,85.9,96.5,1,1,6.7,100.0,High,0
702,Wyatt Edwards,73.7,16.1,62.4,56.4,62.3,1,2,6.2,76.9,High,0
703,Kenji Nakamura,96.3,29.0,77.2,85.9,96.5,1,1,6.7,100.0,High,0
704,Serena Zhang,65.9,3.1,54.0,45.8,58.8,0,2,5.7,43.1,Low,1
705,Elizabeth Basu,73.7,16.1,62.4,56.4,62.3,1,1,6.2,81.0,High,0
706,Sophia Scott,70.0,5.6,51.9,52.6,50.1,0,0,6.6,53.9,Medium,0
707,Kenji Becker,70.0,5.6,51.9,52.6,50.1,0,0,6.6,55.5,Medium,0
708,Mei Clark,70.0,5.6,51.9,52.6,50.1,0,1,6.6,59.0,Medium,0
709,Luna Jain,73.7,16.1,62.4,56.4,62.3,1,1,6.2,74.5,Medium,0
710,Yasmin Yang,73.7,16.1,62.4,56.4,62.3,1,2,6.2,85.4,High,0
711,Adrian Liu,65.9,3.1,54.0,45.8,58.8,1,2,5.7,43.0,Low,1
712,Ariana Kowalski,70.0,5.6,51.9,52.6,50.1,1,2,6.6,56.9,Medium,0
713,Farhan Lewis,65.9,3.1,54.0,45.8,58.8,1,0,5.7,39.0,Low,1
714,Aditi Nguyen,65.9,3.1,54.0,45.8,58.8,1,2,5.7,51.8,Medium,0
715,Elena Morgan,70.0,5.6,51.9,52.6,50.1,1,1,6.6,59.9,Medium,0
716,Sophia Gonzales,96.3,29.0,77.2,85.9,96.5,1,1,6.7,100.0,High,0
717,William Becker,70.0,5.6,51.9,52.6,50.1,0,1,6.6,52.5,Medium,0
718,Yara Peterson,96.3,29.0,77.2,85.9,96.5,1,2,6.7,100.0,High,0
719,Liam Lin,70.0,5.6,51.9,52.6,50.1,0,1,6.6,56.8,Medium,0
720,Rhea Joshi,65.9,3.1,54.0,45.8,58.8,0,1,5.7,47.7,Low,1
721,Ariana Nelson,73.7,16.1,62.4,56.4,62.3,0,1,6.2,72.6,Medium,0
722,Camila Fernandez,73.7,16.1,62.4,56.4,62.3,0,1,6.2,74.6,Medium,0
723,Michael Rivera,96.3,29.0,77.2,85.9,96.5,1,2,6.7,100.0,High,0
724,Amara Basu,65.9,3.1,54.0,45.8,58.8,0,1,5.7,40.6,Low,1
725,Arjun Moore,96.3,29.0,77.2,85.9,96.5,1,2,6.7,100.0,High,0
726,Rohan Wang,96.3,29.0,77.2,85.9,96.5,0,1,6.7,100.0,High,0
727,Serena Gonzales,96.3,29.0,77.2,85.9,96.5,1,1,6.7,100.0,High,0
728,Eli Ali,96.3,29.0,77.2,85.9,96.5,1,1,6.7,100.0,High,0
729,Ethan Washington,73.7,16.1,62.4,56.4,62.3,0,2,6.2,78.3,High,0
730,Ariana Valdez,73.7,16.1,62.4,56.4,62.3,0,0,6.2,73.1,Medium,0
731,Zain Green,73.7,16.1,62.4,56.4,62.3,0,2,6.2,74.4,Medium,0
732,Aditi Adams,96.3,29.0,77.2,85.9,96.5,1,1,6.7,100.0,High,0
733,Neha Bailey,96.3,29.0,77.2,85.9,96.5,1,2,6.7,100.0,High,0
734,Jack Sanders,73.7,16.1,62.4,56.4,62.3,1,0,6.2,77.2,High,0
735,Riley Young,96.3,29.0,77.2,85.9,96.5,1,2,6.7,100.0,High,0
736,Ariana Washington,70.0,5.6,51.9,52.6,50.1,1,0,6.6,54.6,Medium,0
737,Farhan Larsen,96.3,29.0,77.2,85.9,96.5,1,2,6.7,100.0,High,0
738,Leo Jones,73.7,16.1,62.4,56.4,62.3,0,1,6.2,75.5,High,0
739,Elizabeth Zhang,73.7,16.1,62.4,56.4,62.3,1,0,6.2,68.3,Medium,0
740,Michael Edwards,73.7,16.1,62.4,56.4,62.3,0,1,6.2,68.9,Medium,0
741,Diya Jackson,96.3,29.0,77.2,85.9,96.5,1,1,6.7,100.0,High,0
742,Aria Lin,96.3,29.0,77.2,85.9,96.5,1,1,6.7,100.0,High,0
743,Neha Reddy,65.9,3.1,54.0,45.8,58.8,1,0,5.7,41.1,Low,1
744,Liam Myers,96.3,29.0,77.2,85.9,96.5,0,2,6.7,100.0,High,0
745,Maria Jenkins,73.7,16.1,62.4,56.4,62.3,0,1,6.2,73.3,Medium,0
746,Sam White,73.7,16.1,62.4,56.4,62.3,1,1,6.2,74.0,Medium,0
747,Benjamin Dubois,73.7,16.1,62.4,56.4,62.3,1,1,6.2,78.4,High,0
748,Valentina Huang,73.7,16.1,62.4,56.4,62.3,0,1,6.2,79.8,High,0
749,Xavier Sanchez,70.0,5.6,51.9,52.6,50.1,1,0,6.6,56.7,Medium,0
750,Asher Kelly,65.9,3.1,54.0,45.8,58.8,0,0,5.7,38.4,Low,1
751,Kiran Zhao,96.3,29.0,77.2,85.9,96.5,1,2,6.7,100.0,High,0
752,Emma Rao,73.7,16.1,62.4,56.4,62.3,1,1,6.2,74.3,Medium,0
753,Ishaan Gonzales,96.3,29.0,77.2,85.9,96.5,1,2,6.7,100.0,High,0
754,Alexander Turner,73.7,16.1,62.4,56.4,62.3,1,1,6.2,71.3,Medium,0
755,Isaac Cooper,70.0,5.6,51.9,52.6,50.1,0,0,6.6,51.9,Medium,0
756,Amelia Phillips,96.3,29.0,77.2,85.9,96.5,0,1,6.7,100.0,High,0
757,Zoe Joshi,73.7,16.1,62.4,56.4,62.3,1,0,6.2,75.1,High,0
758,Layla Perez,65.9,3.1,54.0,45.8,58.8,0,0,5.7,42.6,Low,1
759,Suraj Zhang,96.3,29.0,77.2,85.9,96.5,1,2,6.7,100.0,High,0
760,Isabella Evans,73.7,16.1,62.4,56.4,62.3,1,2,6.2,78.7,High,0
761,Thomas Bhat,70.0,5.6,51.9,52.6,50.1,1,0,6.6,56.5,Medium,0
762,Nathan Ramirez,96.3,29.0,77.2,85.9,96.5,0,2,6.7,100.0,High,0
763,Owen Scott,96.3,29.0,77.2,85.9,96.5,1,1,6.7,100.0,High,0
764,Jayden Cooper,96.3,29.0,77.2,85.9,96.5,1,2,6.7,100.0,High,0
765,Emma Ramirez,65.9,3.1,54.0,45.8,58.8,0,1,5.7,40.4,Low,1
766,Dev Watson,96.3,29.0,77.2,85.9,96.5,0,1,6.7,96.8,High,0
767,Isaac Becker,96.3,29.0,77.2,85.9,96.5,1,2,6.7,100.0,High,0
768,Harper Choudhury,96.3,29.0,77.2,85.9,96.5,1,2,6.7,100.0,High,0
769,Adrian Roberts,96.3,29.0,77.2,85.9,96.5,0,1,6.7,100.0,High,0
770,Ryan Price,70.0,5.6,51.9,52.6,50.1,1,0,6.6,53.7,Medium,0
771,Nolan Martin,96.3,29.0,77.2,85.9,96.5,1,2,6.7,100.0,High,0
772,Owen Chavez,70.0,5.6,51.9,52.6,50.1,0,1,6.6,48.7,Low,1
773,Sebastian Kaur,70.0,5.6,51.9,52.6,50.1,1,0,6.6,56.1,Medium,0
774,Lucy Bhat,65.9,3.1,54.0,45.8,58.8,0,0,5.7,45.3,Low,1
775,Liam Chen,96.3,29.0,77.2,85.9,96.5,1,2,6.7,100.0,High,0
776,Yasmin Osei,65.9,3.1,54.0,45.8,58.8,0,1,5.7,36.6,Low,1
777,Sarah Dubois,70.0,5.6,51.9,52.6,50.1,1,1,6.6,55.6,Medium,0
778,Adam Anderson,96.3,29.0,77.2,85.9,96.5,0,1,6.7,100.0,High,0
779,Harper Novak,70.0,5.6,51.9,52.6,50.1,0,1,6.6,56.5,Medium,0
780,Rohan Silva,65.9,3.1,54.0,45.8,58.8,0,1,5.7,37.8,Low,1
781,Sofia Joshi,96.3,29.0,77.2,85.9,96.5,1,2,6.7,100.0,High,0
782,Thomas Reddy,65.9,3.1,54.0,45.8,58.8,0,1,5.7,38.4,Low,1
783,David Rossi,73.7,16.1,62.4,56.4,62.3,0,1,6.2,72.0,Medium,0
784,Jayden Menon,70.0,5.6,51.9,52.6,50.1,0,2,6.6,53.9,Medium,0
785,Grace Becker,65.9,3.1,54.0,45.8,58.8,1,1,5.7,40.7,Low,1
786,Ariana Nakamura,73.7,16.1,62.4,56.4,62.3,0,2,6.2,73.2,Medium,0
787,Yuki Rossi,65.9,3.1,54.0,45.8,58.8,0,2,5.7,47.0,Low,1
788,Sofia Becker,73.7,16.1,62.4,56.4,62.3,1,0,6.2,76.8,High,0
789,Carlos King,70.0,5.6,51.9,52.6,50.1,0,0,6.6,52.2,Medium,0
790,Gabriel Taylor,70.0,5.6,51.9,52.6,50.1,0,0,6.6,50.0,Medium,0
791,Kofi Turner,96.3,29.0,77.2,85.9,96.5,1,2,6.7,100.0,High,0
792,Alexander Santos,73.7,16.1,62.4,56.4,62.3,0,1,6.2,74.6,Medium,0
793,David Wu,73.7,16.1,62.4,56.4,62.3,1,1,6.2,75.1,High,0
794,Leila Cooper,96.3,29.0,77.2,85.9,96.5,0,1,6.7,100.0,High,0
795,Sebastian Garcia,96.3,29.0,77.2,85.9,96.5,1,1,6.7,100.0,High,0
796,Dev Rao,73.7,16.1,62.4,56.4,62.3,0,0,6.2,71.1,Medium,0
797,Ella Roberts,96.3,29.0,77.2,85.9,96.5,0,2,6.7,100.0,High,0
798,Jack Li,96.3,29.0,77.2,85.9,96.5,1,2,6.7,100.0,High,0
799,Jack Okafor,70.0,5.6,51.9,52.6,50.1,0,1,6.6,63.4,Medium,0
800,Diya Washington,70.0,5.6,51.9,52.6,50.1,0,0,6.6,54.2,Medium,0
801,Alexander Hernandez,70.0,5.6,51.9,52.6,50.1,0,1,6.6,55.5,Medium,0
802,Rhea Jackson,73.7,16.1,62.4,56.4,62.3,1,2,6.2,77.2,High,0
803,Wyatt Reddy,65.9,3.1,54.0,45.8,58.8,0,0,5.7,38.5,Low,1
804,Leila Ramirez,70.0,5.6,51.9,52.6,50.1,0,2,6.6,60.2,Medium,0
805,Yasmin Mehta,96.3,29.0,77.2,85.9,96.5,1,2,6.7,100.0,High,0
806,William Edwards,96.3,29.0,77.2,85.9,96.5,1,1,6.7,100.0,High,0
807,Kiran Price,70.0,5.6,51.9,52.6,50.1,1,1,6.6,60.2,Medium,0
808,Mei Iqbal,96.3,29.0,77.2,85.9,96.5,0,2,6.7,100.0,High,0
809,Emily Muller,73.7,16.1,62.4,56.4,62.3,1,1,6.2,70.9,Medium,0
810,Layla Khan,65.9,3.1,54.0,45.8,58.8,1,0,5.7,43.5,Low,1
811,Victoria Tran,96.3,29.0,77.2,85.9,96.5,1,1,6.7,100.0,High,0
812,Jacob Moore,96.3,29.0,77.2,85.9,96.5,1,2,6.7,100.0,High,0
813,Marcus Li,65.9,3.1,54.0,45.8,58.8,0,0,5.7,43.7,Low,1
814,Stella Singh,70.0,5.6,51.9,52.6,50.1,0,1,6.6,55.2,Medium,0
815,Aisha Hall,96.3,29.0,77.2,85.9,96.5,1,1,6.7,100.0,High,0
816,Jayden Moore,65.9,3.1,54.0,45.8,58.8,0,0,5.7,40.8,Low,1
817,Sebastian Wilson,65.9,3.1,54.0,45.8,58.8,0,2,5.7,46.1,Low,1
818,Marcus Moore,73.7,16.1,62.4,56.4,62.3,0,1,6.2,74.5,Medium,0
819,Mei Lopez,70.0,5.6,51.9,52.6,50.1,1,1,6.6,58.1,Medium,0
820,Julia Morales,96.3,29.0,77.2,85.9,96.5,0,2,6.7,100.0,High,0
821,Olivia Jain,96.3,29.0,77.2,85.9,96.5,0,1,6.7,100.0,High,0
822,Ella Myers,70.0,5.6,51.9,52.6,50.1,0,0,6.6,51.2,Medium,0
823,Yara Snyder,73.7,16.1,62.4,56.4,62.3,1,0,6.2,81.0,High,0
824,Lucas Das,70.0,5.6,51.9,52.6,50.1,1,0,6.6,57.7,Medium,0
825,Hanna Basu,65.9,3.1,54.0,45.8,58.8,0,0,5.7,36.9,Low,1
826,Victoria Lopez,96.3,29.0,77.2,85.9,96.5,0,2,6.7,100.0,High,0
827,Yara Diallo,70.0,5.6,51.9,52.6,50.1,1,1,6.6,59.8,Medium,0
828,Maya Liu,96.3,29.0,77.2,85.9,96.5,1,1,6.7,100.0,High,0
829,Lucas Ward,65.9,3.1,54.0,45.8,58.8,0,0,5.7,35.6,Low,1
830,Eli Mendoza,96.3,29.0,77.2,85.9,96.5,0,1,6.7,100.0,High,0
831,Grace Osei,70.0,5.6,51.9,52.6,50.1,1,0,6.6,57.0,Medium,0
832,Wyatt Okafor,70.0,5.6,51.9,52.6,50.1,1,1,6.6,50.9,Medium,0
833,Maria Snyder,73.7,16.1,62.4,56.4,62.3,0,1,6.2,67.7,Medium,0
834,Kavya Wang,70.0,5.6,51.9,52.6,50.1,1,0,6.6,56.9,Medium,0
835,Wyatt Mehta,70.0,5.6,51.9,52.6,50.1,1,1,6.6,56.3,Medium,0
836,Valentina Price,70.0,5.6,51.9,52.6,50.1,1,0,6.6,52.6,Medium,0
837,Kofi Rao,70.0,5.6,51.9,52.6,50.1,1,1,6.6,55.3,Medium,0
838,Andre Martin,65.9,3.1,54.0,45.8,58.8,0,0,5.7,35.7,Low,1
839,Siddharth Jain,73.7,16.1,62.4,56.4,62.3,1,1,6.2,76.0,High,0
840,Ibrahim Das,73.7,16.1,62.4,56.4,62.3,0,1,6.2,70.0,Medium,0
841,Zara Walker,96.3,29.0,77.2,85.9,96.5,1,1,6.7,100.0,High,0
842,Elijah Gordon,70.0,5.6,51.9,52.6,50.1,0,1,6.6,56.8,Medium,0
843,Lucas Ortiz,73.7,16.1,62.4,56.4,62.3,1,0,6.2,71.4,Medium,0
844,Uma Kaur,73.7,16.1,62.4,56.4,62.3,0,2,6.2,72.3,Medium,0
845,Valentina Jenkins,96.3,29.0,77.2,85.9,96.5,1,2,6.7,100.0,High,0
846,Asher Mehta,65.9,3.1,54.0,45.8,58.8,0,2,5.7,46.1,Low,1
847,Riley Suzuki,73.7,16.1,62.4,56.4,62.3,1,0,6.2,72.6,Medium,0
848,Zain Wu,70.0,5.6,51.9,52.6,50.1,1,2,6.6,57.3,Medium,0
849,Elijah Young,96.3,29.0,77.2,85.9,96.5,1,1,6.7,100.0,High,0
850,Mei Fernandez,65.9,3.1,54.0,45.8,58.8,0,0,5.7,40.8,Low,1
851,Yara Phillips,96.3,29.0,77.2,85.9,96.5,1,2,6.7,100.0,High,0
852,Stella Mehta,96.3,29.0,77.2,85.9,96.5,1,2,6.7,100.0,High,0
853,Ella Das,65.9,3.1,54.0,45.8,58.8,0,0,5.7,46.5,Low,1
854,Sara Park,65.9,3.1,54.0,45.8,58.8,0,1,5.7,45.3,Low,1
855,Kavya Davis,96.3,29.0,77.2,85.9,96.5,1,2,6.7,100.0,High,0
856,Ananya Larsen,73.7,16.1,62.4,56.4,62.3,1,1,6.2,76.9,High,0
857,Ryan Clark,70.0,5.6,51.9,52.6,50.1,0,2,6.6,57.7,Medium,0
858,Dev Moore,65.9,3.1,54.0,45.8,58.8,0,0,5.7,41.0,Low,1
859,Amelia Evans,73.7,16.1,62.4,56.4,62.3,0,0,6.2,75.3,High,0
860,Arjun Taylor,73.7,16.1,62.4,56.4,62.3,1,1,6.2,71.2,Medium,0
861,Vivaan Miller,70.0,5.6,51.9,52.6,50.1,0,1,6.6,55.6,Medium,0
862,Sofia Yang,70.0,5.6,51.9,52.6,50.1,1,0,6.6,59.2,Medium,0
863,Isaac Young,70.0,5.6,51.9,52.6,50.1,1,1,6.6,58.1,Medium,0
864,Diego Kim,70.0,5.6,51.9,52.6,50.1,0,1,6.6,54.3,Medium,0
865,Nadia Roberts,96.3,29.0,77.2,85.9,96.5,0,1,6.7,99.8,High,0
866,James Novak,65.9,3.1,54.0,45.8,58.8,1,1,5.7,36.4,Low,1
867,Stella Kapoor,65.9,3.1,54.0,45.8,58.8,0,0,5.7,48.1,Low,1
868,Lucy Cruz,70.0,5.6,51.9,52.6,50.1,0,1,6.6,56.6,Medium,0
869,Carlos Ramirez,96.3,29.0,77.2,85.9,96.5,1,2,6.7,100.0,High,0
870,Anthony Osei,96.3,29.0,77.2,85.9,96.5,0,2,6.7,100.0,High,0
871,Eva Nelson,70.0,5.6,51.9,52.6,50.1,1,1,6.6,53.7,Medium,0
872,Jacob Sharma,96.3,29.0,77.2,85.9,96.5,1,2,6.7,100.0,High,0
873,Olivia Lee,65.9,3.1,54.0,45.8,58.8,0,0,5.7,37.5,Low,1
874,Fatima Bhat,73.7,16.1,62.4,56.4,62.3,1,2,6.2,71.4,Medium,0
875,Rani Edwards,70.0,5.6,51.9,52.6,50.1,0,2,6.6,50.2,Medium,0
876,Jack Reyes,65.9,3.1,54.0,45.8,58.8,0,1,5.7,37.2,Low,1
877,Jayden Khan,73.7,16.1,62.4,56.4,62.3,0,1,6.2,76.4,High,0
878,Alexander Das,73.7,16.1,62.4,56.4,62.3,1,2,6.2,72.8,Medium,0
879,Aarav Zhao,70.0,5.6,51.9,52.6,50.1,1,0,6.6,56.9,Medium,0
880,Noah Choudhury,70.0,5.6,51.9,52.6,50.1,0,2,6.6,60.9,Medium,0
881,Sarah Bailey,73.7,16.1,62.4,56.4,62.3,0,1,6.2,72.9,Medium,0
882,Diya Wood,70.0,5.6,51.9,52.6,50.1,0,1,6.6,54.5,Medium,0
883,Caleb Alvarez,65.9,3.1,54.0,45.8,58.8,0,1,5.7,43.3,Low,1
884,Zoe Kelly,73.7,16.1,62.4,56.4,62.3,1,1,6.2,72.8,Medium,0
885,Nadia Hill,96.3,29.0,77.2,85.9,96.5,1,2,6.7,100.0,High,0
886,Carlos Al-Mansoor,73.7,16.1,62.4,56.4,62.3,1,1,6.2,80.9,High,0
887,Adrian Singh,73.7,16.1,62.4,56.4,62.3,1,1,6.2,79.4,High,0
888,Julian Silva,96.3,29.0,77.2,85.9,96.5,1,2,6.7,100.0,High,0
889,Suraj Cooper,96.3,29.0,77.2,85.9,96.5,1,2,6.7,100.0,High,0
890,Riley Gonzales,70.0,5.6,51.9,52.6,50.1,1,0,6.6,55.1,Medium,0
891,Tariq Peterson,73.7,16.1,62.4,56.4,62.3,1,0,6.2,73.9,Medium,0
892,Stella Scott,65.9,3.1,54.0,45.8,58.8,0,0,5.7,34.8,Low,1
893,Daniel Stewart,96.3,29.0,77.2,85.9,96.5,1,2,6.7,100.0,High,0
894,Fatima Zhao,96.3,29.0,77.2,85.9,96.5,1,1,6.7,100.0,High,0
895,Varun Davis,70.0,5.6,51.9,52.6,50.1,1,2,6.6,57.1,Medium,0
896,Harper Morales,65.9,3.1,54.0,45.8,58.8,1,2,5.7,41.1,Low,1
897,Elizabeth Allen,96.3,29.0,77.2,85.9,96.5,0,2,6.7,100.0,High,0
898,Leila Clark,96.3,29.0,77.2,85.9,96.5,1,2,6.7,100.0,High,0
899,Samuel Diallo,96.3,29.0,77.2,85.9,96.5,0,1,6.7,100.0,High,0
900,Caleb Adams,73.7,16.1,62.4,56.4,62.3,1,2,6.2,77.1,High,0
901,Elijah Campbell,73.7,16.1,62.4,56.4,62.3,0,1,6.2,69.4,Medium,0
902,William Lewis,96.3,29.0,77.2,85.9,96.5,0,2,6.7,100.0,High,0
903,Zain Santos,96.3,29.0,77.2,85.9,96.5,1,2,6.7,100.0,High,0
904,Maya Campbell,73.7,16.1,62.4,56.4,62.3,1,0,6.2,73.7,Medium,0
905,Nora Gomez,65.9,3.1,54.0,45.8,58.8,0,2,5.7,43.6,Low,1
906,Eli Morales,70.0,5.6,51.9,52.6,50.1,1,1,6.6,55.2,Medium,0
907,Xavier Mendoza,73.7,16.1,62.4,56.4,62.3,1,1,6.2,79.4,High,0
908,Elena Brown,96.3,29.0,77.2,85.9,96.5,1,1,6.7,100.0,High,0
909,Mateo Novak,96.3,29.0,77.2,85.9,96.5,1,2,6.7,100.0,High,0
910,Mila Singh,73.7,16.1,62.4,56.4,62.3,1,1,6.2,72.3,Medium,0
911,Nora Zhao,70.0,5.6,51.9,52.6,50.1,0,0,6.6,53.7,Medium,0
912,Liam Phillips,65.9,3.1,54.0,45.8,58.8,1,1,5.7,45.7,Low,1
913,Ishaan Kapoor,65.9,3.1,54.0,45.8,58.8,0,0,5.7,38.9,Low,1
914,Suraj Al-Mansoor,65.9,3.1,54.0,45.8,58.8,0,1,5.7,42.5,Low,1
915,Olivia Okafor,65.9,3.1,54.0,45.8,58.8,0,2,5.7,42.8,Low,1
916,Eva Jiang,65.9,3.1,54.0,45.8,58.8,1,0,5.7,43.7,Low,1
917,Wyatt Ito,96.3,29.0,77.2,85.9,96.5,1,2,6.7,100.0,High,0
918,Nadia Nakamura,96.3,29.0,77.2,85.9,96.5,1,2,6.7,100.0,High,0
919,Grace Lee,73.7,16.1,62.4,56.4,62.3,1,2,6.2,77.4,High,0
920,Kiran Kumar,70.0,5.6,51.9,52.6,50.1,0,2,6.6,56.9,Medium,0
921,Layla Sato,96.3,29.0,77.2,85.9,96.5,1,2,6.7,100.0,High,0
922,Wyatt Brown,65.9,3.1,54.0,45.8,58.8,0,0,5.7,39.5,Low,1
923,Uma Anderson,70.0,5.6,51.9,52.6,50.1,1,0,6.6,52.7,Medium,0
924,David Nakamura,70.0,5.6,51.9,52.6,50.1,1,0,6.6,57.0,Medium,0
925,Joshua Rivera,96.3,29.0,77.2,85.9,96.5,1,2,6.7,100.0,High,0
926,Jacob Martinez,96.3,29.0,77.2,85.9,96.5,1,0,6.7,100.0,High,0
927,Wei Baker,96.3,29.0,77.2,85.9,96.5,0,2,6.7,100.0,High,0
928,Aarav Jones,65.9,3.1,54.0,45.8,58.8,1,1,5.7,43.7,Low,1
929,Liam Cruz,70.0,5.6,51.9,52.6,50.1,0,1,6.6,53.6,Medium,0
930,Joshua Williams,70.0,5.6,51.9,52.6,50.1,0,1,6.6,60.9,Medium,0
931,Maria Cruz,73.7,16.1,62.4,56.4,62.3,1,0,6.2,73.4,Medium,0
932,Carlos Jenkins,73.7,16.1,62.4,56.4,62.3,1,2,6.2,76.4,High,0
933,Nathan Price,73.7,16.1,62.4,56.4,62.3,1,2,6.2,73.0,Medium,0
934,Elena Davis,70.0,5.6,51.9,52.6,50.1,0,0,6.6,56.2,Medium,0
935,Theo Patel,70.0,5.6,51.9,52.6,50.1,1,1,6.6,54.9,Medium,0
936,Vivaan Chavez,96.3,29.0,77.2,85.9,96.5,1,1,6.7,100.0,High,0
937,Wei Rao,65.9,3.1,54.0,45.8,58.8,0,0,5.7,43.5,Low,1
938,Ella Young,96.3,29.0,77.2,85.9,96.5,0,2,6.7,100.0,High,0
939,Ibrahim Singh,65.9,3.1,54.0,45.8,58.8,0,2,5.7,36.0,Low,1
940,Zoe Castillo,96.3,29.0,77.2,85.9,96.5,1,2,6.7,100.0,High,0
941,William Ahmed,96.3,29.0,77.2,85.9,96.5,1,2,6.7,100.0,High,0
942,Stella Kaur,65.9,3.1,54.0,45.8,58.8,0,1,5.7,41.6,Low,1
943,Mei Kowalski,96.3,29.0,77.2,85.9,96.5,0,2,6.7,100.0,High,0
944,James Alvarez,73.7,16.1,62.4,56.4,62.3,0,2,6.2,68.5,Medium,0
945,Hanna Kelly,73.7,16.1,62.4,56.4,62.3,0,0,6.2,60.9,Medium,0
946,David Gordon,96.3,29.0,77.2,85.9,96.5,1,2,6.7,100.0,High,0
947,Owen Sharma,70.0,5.6,51.9,52.6,50.1,1,1,6.6,58.1,Medium,0
948,Asher Gupta,65.9,3.1,54.0,45.8,58.8,0,0,5.7,29.5,Low,1
949,Victoria Morgan,65.9,3.1,54.0,45.8,58.8,0,0,5.7,37.9,Low,1
950,Priya Evans,73.7,16.1,62.4,56.4,62.3,0,1,6.2,66.1,Medium,0
951,Emily Zhao,73.7,16.1,62.4,56.4,62.3,1,1,6.2,73.5,Medium,0
952,Hanna Ramirez,96.3,29.0,77.2,85.9,96.5,1,2,6.7,100.0,High,0
953,John Menon,96.3,29.0,77.2,85.9,96.5,1,2,6.7,100.0,High,0
954,David Reddy,96.3,29.0,77.2,85.9,96.5,1,0,6.7,100.0,High,0
955,Adrian Ortiz,65.9,3.1,54.0,45.8,58.8,0,0,5.7,43.7,Low,1
956,Aarav Joshi,65.9,3.1,54.0,45.8,58.8,0,0,5.7,40.9,Low,1
957,Lucas Harris,70.0,5.6,51.9,52.6,50.1,0,0,6.6,52.8,Medium,0
958,Elizabeth Rodriguez,73.7,16.1,62.4,56.4,62.3,0,2,6.2,78.0,High,0
959,Ryan Hernandez,73.7,16.1,62.4,56.4,62.3,1,0,6.2,74.0,Medium,0
960,Owen Sanders,73.7,16.1,62.4,56.4,62.3,1,0,6.2,73.3,Medium,0
961,Owen Kaur,73.7,16.1,62.4,56.4,62.3,0,1,6.2,72.3,Medium,0
962,Kiran Watson,73.7,16.1,62.4,56.4,62.3,1,0,6.2,71.1,Medium,0
963,Owen Baker,96.3,29.0,77.2,85.9,96.5,0,2,6.7,100.0,High,0
964,Layla Kumar,96.3,29.0,77.2,85.9,96.5,1,2,6.7,100.0,High,0
965,Owen Martinez,65.9,3.1,54.0,45.8,58.8,0,0,5.7,45.1,Low,1
966,Sophia Morales,73.7,16.1,62.4,56.4,62.3,0,2,6.2,71.1,Medium,0
967,Rhea Hall,65.9,3.1,54.0,45.8,58.8,0,2,5.7,49.8,Low,1
968,Sarah Turner,96.3,29.0,77.2,85.9,96.5,1,1,6.7,100.0,High,0
969,Aarav Ward,70.0,5.6,51.9,52.6,50.1,0,0,6.6,50.2,Medium,0
970,Eva Sato,96.3,29.0,77.2,85.9,96.5,1,2,6.7,100.0,High,0
971,Gabriel Kelly,96.3,29.0,77.2,85.9,96.5,1,1,6.7,100.0,High,0
972,Leo Lee,96.3,29.0,77.2,85.9,96.5,1,2,6.7,100.0,High,0
973,Sarah Thomas,96.3,29.0,77.2,85.9,96.5,0,2,6.7,100.0,High,0
974,Luna Nelson,65.9,3.1,54.0,45.8,58.8,0,0,5.7,40.3,Low,1
975,Sofia Washington,73.7,16.1,62.4,56.4,62.3,0,1,6.2,76.1,High,0
976,Oliver Gupta,70.0,5.6,51.9,52.6,50.1,0,1,6.6,57.4,Medium,0
977,Fatima Nakamura,73.7,16.1,62.4,56.4,62.3,0,1,6.2,68.9,Medium,0
978,Isaac Evans,73.7,16.1,62.4,56.4,62.3,1,0,6.2,68.6,Medium,0
979,Eva Price,73.7,16.1,62.4,56.4,62.3,0,1,6.2,73.8,Medium,0
980,Jasmine Young,96.3,29.0,77.2,85.9,96.5,1,0,6.7,100.0,High,0
981,Camila Kumar,65.9,3.1,54.0,45.8,58.8,1,0,5.7,39.9,Low,1
982,Kofi Gonzales,65.9,3.1,54.0,45.8,58.8,1,1,5.7,49.9,Low,1
983,Kiran Scott,70.0,5.6,51.9,52.6,50.1,0,1,6.6,58.4,Medium,0
984,Nadia Al-Mansoor,73.7,16.1,62.4,56.4,62.3,0,0,6.2,68.6,Medium,0
985,Wei Alvarez,96.3,29.0,77.2,85.9,96.5,1,2,6.7,100.0,High,0
986,Diya Phillips,65.9,3.1,54.0,45.8,58.8,0,1,5.7,42.0,Low,1
987,Sofia Evans,73.7,16.1,62.4,56.4,62.3,1,1,6.2,73.1,Medium,0
988,Suraj Martin,96.3,29.0,77.2,85.9,96.5,1,1,6.7,100.0,High,0
989,John Diaz,73.7,16.1,62.4,56.4,62.3,0,0,6.2,74.2,Medium,0
990,Elijah Ramirez,70.0,5.6,51.9,52.6,50.1,1,1,6.6,57.2,Medium,0
991,Fatima Cruz,70.0,5.6,51.9,52.6,50.1,0,0,6.6,55.9,Medium,0
992,Farhan Muller,70.0,5.6,51.9,52.6,50.1,0,2,6.6,60.4,Medium,0
993,Asher Okafor,70.0,5.6,51.9,52.6,50.1,0,1,6.6,55.8,Medium,0
994,Mateo Rossi,96.3,29.0,77.2,85.9,96.5,0,2,6.7,100.0,High,0
995,Layla Nelson,65.9,3.1,54.0,45.8,58.8,0,0,5.7,42.9,Low,1
996,Riley Diaz,73.7,16.1,62.4,56.4,62.3,1,0,6.2,74.0,Medium,0
997,Siddharth Scott,70.0,5.6,51.9,52.6,50.1,0,2,6.6,54.8,Medium,0
998,Zain Yang,96.3,29.0,77.2,85.9,96.5,0,1,6.7,100.0,High,0
999,Kofi Wang,65.9,3.1,54.0,45.8,58.8,0,0,5.7,39.8,Low,1
1000,Lucas Martin,73.7,16.1,62.4,56.4,62.3,1,1,6.2,71.8,Medium,0
1001,Emma Young,96.3,29.0,77.2,85.9,96.5,0,2,6.7,100.0,High,0
1002,Devon Myers,73.7,16.1,62.4,56.4,62.3,0,1,6.2,75.2,High,0
1003,Andre OConnor,96.3,29.0,77.2,85.9,96.5,1,2,6.7,100.0,High,0
1004,Farhan Kelly,96.3,29.0,77.2,85.9,96.5,1,2,6.7,100.0,High,0
1005,Yuki Sharma,70.0,5.6,51.9,52.6,50.1,0,2,6.6,56.7,Medium,0
1006,Nathan Lopez,73.7,16.1,62.4,56.4,62.3,1,0,6.2,71.7,Medium,0
1007,Ishaan Phillips,65.9,3.1,54.0,45.8,58.8,0,0,5.7,41.4,Low,1
1008,Neha Allen,73.7,16.1,62.4,56.4,62.3,1,0,6.2,68.5,Medium,0
1009,Gabriel Anderson,70.0,5.6,51.9,52.6,50.1,1,1,6.6,52.3,Medium,0
1010,David Washington,73.7,16.1,62.4,56.4,62.3,1,1,6.2,76.1,High,0
1011,Victoria Basu,70.0,5.6,51.9,52.6,50.1,0,1,6.6,50.2,Medium,0
1012,Adam Wilson,70.0,5.6,51.9,52.6,50.1,1,0,6.6,54.3,Medium,0
1013,Isaac Santos,73.7,16.1,62.4,56.4,62.3,1,1,6.2,73.2,Medium,0
1014,Mateo Lewis,65.9,3.1,54.0,45.8,58.8,0,0,5.7,40.4,Low,1
1015,Julia Muller,73.7,16.1,62.4,56.4,62.3,0,2,6.2,75.7,High,0
1016,Zoe Jackson,96.3,29.0,77.2,85.9,96.5,1,1,6.7,100.0,High,0
1017,Zain Singh,70.0,5.6,51.9,52.6,50.1,0,1,6.6,50.0,Low,1
1018,Mason Turner,65.9,3.1,54.0,45.8,58.8,1,1,5.7,47.4,Low,1
1019,Harper Hall,96.3,29.0,77.2,85.9,96.5,0,1,6.7,96.9,High,0
1020,Andrew Thomas,73.7,16.1,62.4,56.4,62.3,1,1,6.2,79.2,High,0
1021,Varun Jones,65.9,3.1,54.0,45.8,58.8,0,2,5.7,37.7,Low,1
1022,Julia Scott,70.0,5.6,51.9,52.6,50.1,0,0,6.6,62.1,Medium,0
1023,Amelia Gonzales,65.9,3.1,54.0,45.8,58.8,0,0,5.7,39.4,Low,1
1024,Jack Lopez,73.7,16.1,62.4,56.4,62.3,1,1,6.2,78.8,High,0
1025,Julian Brown,70.0,5.6,51.9,52.6,50.1,1,1,6.6,60.9,Medium,0
1026,Joshua Green,73.7,16.1,62.4,56.4,62.3,0,1,6.2,71.3,Medium,0
1027,Serena Gomez,65.9,3.1,54.0,45.8,58.8,0,1,5.7,41.5,Low,1
1028,Stella Kowalski,73.7,16.1,62.4,56.4,62.3,0,1,6.2,69.9,Medium,0
1029,Diya Singh,70.0,5.6,51.9,52.6,50.1,1,0,6.6,57.8,Medium,0
1030,Sam Torres,73.7,16.1,62.4,56.4,62.3,1,1,6.2,72.8,Medium,0
1031,Yara Brown,70.0,5.6,51.9,52.6,50.1,0,0,6.6,50.7,Medium,0
1032,Kai Myers,70.0,5.6,51.9,52.6,50.1,0,2,6.6,59.4,Medium,0
1033,Farhan Edwards,73.7,16.1,62.4,56.4,62.3,1,1,6.2,71.2,Medium,0
1034,Gabriel Clark,65.9,3.1,54.0,45.8,58.8,0,0,5.7,39.7,Low,1
1035,William Adams,73.7,16.1,62.4,56.4,62.3,1,2,6.2,76.7,High,0
1036,Arya Jones,70.0,5.6,51.9,52.6,50.1,1,1,6.6,54.8,Medium,0
1037,Camila Osei,73.7,16.1,62.4,56.4,62.3,0,0,6.2,69.1,Medium,0
1038,Julian Dubois,73.7,16.1,62.4,56.4,62.3,1,1,6.2,79.7,High,0
1039,Anthony Dubois,73.7,16.1,62.4,56.4,62.3,0,1,6.2,72.1,Medium,0
1040,Yasmin Adams,96.3,29.0,77.2,85.9,96.5,0,2,6.7,100.0,High,0
1041,Theo Scott,96.3,29.0,77.2,85.9,96.5,1,1,6.7,100.0,High,0
1042,Zara Ito,70.0,5.6,51.9,52.6,50.1,0,1,6.6,57.2,Medium,0
1043,Michael Martinez,70.0,5.6,51.9,52.6,50.1,0,1,6.6,51.9,Medium,0
1044,Luna Hernandez,70.0,5.6,51.9,52.6,50.1,0,0,6.6,55.1,Medium,0
1045,Ishaan Lewis,96.3,29.0,77.2,85.9,96.5,1,2,6.7,100.0,High,0
1046,Chloe Flores,73.7,16.1,62.4,56.4,62.3,1,2,6.2,70.0,Medium,0
1047,Ibrahim Valdez,96.3,29.0,77.2,85.9,96.5,0,2,6.7,100.0,High,0
1048,Serena Mitchell,70.0,5.6,51.9,52.6,50.1,0,1,6.6,60.7,Medium,0
1049,James Jiang,65.9,3.1,54.0,45.8,58.8,0,0,5.7,38.0,Low,1
1050,Olivia Kim,96.3,29.0,77.2,85.9,96.5,1,2,6.7,100.0,High,0
1051,Sara Kumar,70.0,5.6,51.9,52.6,50.1,0,2,6.6,58.4,Medium,0
1052,Priya Jenkins,96.3,29.0,77.2,85.9,96.5,1,2,6.7,100.0,High,0
1053,Kai OConnor,96.3,29.0,77.2,85.9,96.5,1,2,6.7,100.0,High,0
1054,Adrian Kapoor,96.3,29.0,77.2,85.9,96.5,1,2,6.7,100.0,High,0
1055,Layla Harris,73.7,16.1,62.4,56.4,62.3,0,0,6.2,76.5,High,0
1056,Vivaan Smith,70.0,5.6,51.9,52.6,50.1,0,0,6.6,50.7,Medium,0
1057,Ethan Anderson,65.9,3.1,54.0,45.8,58.8,0,0,5.7,40.4,Low,1
1058,Mila Mitchell,96.3,29.0,77.2,85.9,96.5,1,1,6.7,100.0,High,0
1059,Yara Sullivan,70.0,5.6,51.9,52.6,50.1,1,1,6.6,55.9,Medium,0
1060,Kai Sanders,70.0,5.6,51.9,52.6,50.1,1,1,6.6,58.0,Medium,0
1061,Victoria Kelly,65.9,3.1,54.0,45.8,58.8,1,0,5.7,46.1,Low,1
1062,Dev Menon,70.0,5.6,51.9,52.6,50.1,0,1,6.6,53.6,Medium,0
1063,Emily Wright,96.3,29.0,77.2,85.9,96.5,0,2,6.7,100.0,High,0
1064,Aditi Edwards,70.0,5.6,51.9,52.6,50.1,1,1,6.6,52.0,Medium,0
1065,Mei Patel,73.7,16.1,62.4,56.4,62.3,1,1,6.2,76.3,High,0
1066,Leo Fernandez,65.9,3.1,54.0,45.8,58.8,1,1,5.7,45.7,Low,1
1067,Tariq Sanders,73.7,16.1,62.4,56.4,62.3,1,1,6.2,78.0,High,0
1068,Stella Das,70.0,5.6,51.9,52.6,50.1,0,0,6.6,52.6,Medium,0
1069,Benjamin Nguyen,96.3,29.0,77.2,85.9,96.5,1,2,6.7,100.0,High,0
1070,Ananya Bailey,73.7,16.1,62.4,56.4,62.3,0,1,6.2,64.6,Medium,0
1071,Amelia Alvarez,65.9,3.1,54.0,45.8,58.8,0,0,5.7,50.8,Medium,0
1072,Asher Ito,70.0,5.6,51.9,52.6,50.1,1,0,6.6,56.9,Medium,0
1073,Zara Basu,73.7,16.1,62.4,56.4,62.3,1,0,6.2,72.8,Medium,0
1074,Asher Martin,65.9,3.1,54.0,45.8,58.8,1,1,5.7,45.3,Low,1
1075,Sam Gonzales,65.9,3.1,54.0,45.8,58.8,0,0,5.7,35.8,Low,1
1076,Anthony Murphy,73.7,16.1,62.4,56.4,62.3,0,1,6.2,70.0,Medium,0
1077,Emily Davis,70.0,5.6,51.9,52.6,50.1,1,1,6.6,63.2,Medium,0
1078,Ryan OConnor,73.7,16.1,62.4,56.4,62.3,1,2,6.2,78.6,High,0
1079,Jasmine Castillo,70.0,5.6,51.9,52.6,50.1,1,1,6.6,54.4,Medium,0
1080,Maya OConnor,73.7,16.1,62.4,56.4,62.3,1,1,6.2,70.0,Medium,0
1081,Ian Edwards,96.3,29.0,77.2,85.9,96.5,1,2,6.7,100.0,High,0
1082,Kenji Jenkins,65.9,3.1,54.0,45.8,58.8,0,0,5.7,39.7,Low,1
1083,Layla Ito,65.9,3.1,54.0,45.8,58.8,0,0,5.7,48.0,Low,1
1084,Isabella Bhat,65.9,3.1,54.0,45.8,58.8,0,1,5.7,42.1,Low,1
1085,Mila Jenkins,65.9,3.1,54.0,45.8,58.8,0,0,5.7,36.6,Low,1
1086,Hanna Jenkins,70.0,5.6,51.9,52.6,50.1,1,0,6.6,54.9,Medium,0
1087,Adam Ahmed,70.0,5.6,51.9,52.6,50.1,0,1,6.6,56.5,Medium,0
1088,Camila Murphy,70.0,5.6,51.9,52.6,50.1,1,1,6.6,52.6,Medium,0
1089,Pooja Becker,73.7,16.1,62.4,56.4,62.3,1,2,6.2,77.7,High,0
1090,John Diallo,73.7,16.1,62.4,56.4,62.3,1,1,6.2,78.5,High,0
1091,Zoe Suzuki,96.3,29.0,77.2,85.9,96.5,1,1,6.7,100.0,High,0
1092,Leo Snyder,70.0,5.6,51.9,52.6,50.1,1,1,6.6,54.3,Medium,0
1093,Jasmine Muller,73.7,16.1,62.4,56.4,62.3,1,1,6.2,72.5,Medium,0
1094,Ariana Kelly,96.3,29.0,77.2,85.9,96.5,1,1,6.7,100.0,High,0
1095,Rohan Yang,70.0,5.6,51.9,52.6,50.1,1,2,6.6,58.6,Medium,0
1096,Neha Johnson,73.7,16.1,62.4,56.4,62.3,0,1,6.2,73.9,Medium,0
1097,Theo Zhang,96.3,29.0,77.2,85.9,96.5,0,2,6.7,100.0,High,0
1098,Emma Tran,65.9,3.1,54.0,45.8,58.8,0,2,5.7,51.6,Medium,0
1099,Kofi Nguyen,65.9,3.1,54.0,45.8,58.8,0,1,5.7,45.6,Low,1
1100,Lucy Mitchell,96.3,29.0,77.2,85.9,96.5,1,2,6.7,100.0,High,0
1101,Siddharth Mendoza,96.3,29.0,77.2,85.9,96.5,1,2,6.7,100.0,High,0
1102,Leo Rodriguez,73.7,16.1,62.4,56.4,62.3,1,1,6.2,70.9,Medium,0
1103,Ezra Sanchez,70.0,5.6,51.9,52.6,50.1,1,1,6.6,62.6,Medium,0
1104,Layla Rodriguez,65.9,3.1,54.0,45.8,58.8,1,2,5.7,49.4,Low,1
1105,Mason Zhang,96.3,29.0,77.2,85.9,96.5,1,1,6.7,100.0,High,0
1106,Arya Verma,70.0,5.6,51.9,52.6,50.1,1,1,6.6,57.1,Medium,0
1107,Serena Wright,96.3,29.0,77.2,85.9,96.5,1,1,6.7,100.0,High,0
1108,Victoria Lewis,73.7,16.1,62.4,56.4,62.3,1,2,6.2,71.9,Medium,0
1109,Aditi OConnor,65.9,3.1,54.0,45.8,58.8,1,1,5.7,45.5,Low,1
1110,Elijah Yang,96.3,29.0,77.2,85.9,96.5,0,2,6.7,100.0,High,0
1111,Marcus Martinez,96.3,29.0,77.2,85.9,96.5,0,2,6.7,100.0,High,0
1112,Tariq Joshi,73.7,16.1,62.4,56.4,62.3,1,0,6.2,78.0,High,0
1113,Andrew Harris,70.0,5.6,51.9,52.6,50.1,0,0,6.6,53.1,Medium,0
1114,Carlos Young,65.9,3.1,54.0,45.8,58.8,0,1,5.7,47.5,Low,1
1115,Suraj Martinez,65.9,3.1,54.0,45.8,58.8,0,0,5.7,35.2,Low,1
1116,Ethan Allen,96.3,29.0,77.2,85.9,96.5,1,2,6.7,100.0,High,0
1117,Kenji Taylor,96.3,29.0,77.2,85.9,96.5,1,1,6.7,100.0,High,0
1118,Aisha King,70.0,5.6,51.9,52.6,50.1,1,1,6.6,59.5,Medium,0
1119,Theo Torres,96.3,29.0,77.2,85.9,96.5,1,2,6.7,100.0,High,0
1120,Chloe Kumar,65.9,3.1,54.0,45.8,58.8,0,1,5.7,41.1,Low,1
1121,Ian Reddy,70.0,5.6,51.9,52.6,50.1,0,1,6.6,58.4,Medium,0
1122,Ananya Evans,96.3,29.0,77.2,85.9,96.5,1,2,6.7,100.0,High,0
1123,Elizabeth Tran,65.9,3.1,54.0,45.8,58.8,1,0,5.7,39.8,Low,1
1124,Wei Adams,96.3,29.0,77.2,85.9,96.5,1,1,6.7,100.0,High,0
1125,Zara Wu,73.7,16.1,62.4,56.4,62.3,1,1,6.2,74.5,Medium,0
1126,Kai Morales,70.0,5.6,51.9,52.6,50.1,0,0,6.6,53.2,Medium,0
1127,Rani Jackson,73.7,16.1,62.4,56.4,62.3,0,0,6.2,75.7,High,0
1128,Sara Yamamoto,70.0,5.6,51.9,52.6,50.1,0,1,6.6,58.0,Medium,0
1129,Marcus Ali,70.0,5.6,51.9,52.6,50.1,0,1,6.6,55.3,Medium,0
1130,Jasmine Flores,65.9,3.1,54.0,45.8,58.8,0,0,5.7,42.9,Low,1
1131,Grace Thomas,65.9,3.1,54.0,45.8,58.8,0,1,5.7,35.6,Low,1
1132,Amara Silva,73.7,16.1,62.4,56.4,62.3,1,2,6.2,74.1,Medium,0
1133,Amara Torres,96.3,29.0,77.2,85.9,96.5,1,2,6.7,100.0,High,0
1134,Zoe Harris,70.0,5.6,51.9,52.6,50.1,0,1,6.6,59.5,Medium,0
1135,Aisha Anderson,65.9,3.1,54.0,45.8,58.8,1,2,5.7,47.0,Low,1
1136,Alexander Zhao,73.7,16.1,62.4,56.4,62.3,0,1,6.2,77.9,High,0
1137,Hannah OConnor,73.7,16.1,62.4,56.4,62.3,1,1,6.2,77.3,High,0
1138,Nadia Singh,73.7,16.1,62.4,56.4,62.3,0,2,6.2,73.1,Medium,0
1139,Ryan Lee,96.3,29.0,77.2,85.9,96.5,0,2,6.7,100.0,High,0
1140,Tariq Cruz,70.0,5.6,51.9,52.6,50.1,1,2,6.6,60.5,Medium,0
1141,Marcus Edwards,73.7,16.1,62.4,56.4,62.3,1,0,6.2,70.7,Medium,0
1142,Kenji Novak,70.0,5.6,51.9,52.6,50.1,0,1,6.6,60.9,Medium,0
1143,Andre Castillo,65.9,3.1,54.0,45.8,58.8,0,1,5.7,38.9,Low,1
1144,William Valdez,65.9,3.1,54.0,45.8,58.8,1,0,5.7,43.4,Low,1
1145,Liam Murphy,73.7,16.1,62.4,56.4,62.3,1,0,6.2,74.9,Medium,0
1146,Fatima Watson,73.7,16.1,62.4,56.4,62.3,0,2,6.2,73.7,Medium,0
1147,Sam Brown,70.0,5.6,51.9,52.6,50.1,0,1,6.6,53.7,Medium,0
1148,Kofi Hill,65.9,3.1,54.0,45.8,58.8,0,0,5.7,40.5,Low,1
1149,Carlos Larsen,73.7,16.1,62.4,56.4,62.3,1,2,6.2,79.1,High,0
1150,Sofia Ramirez,65.9,3.1,54.0,45.8,58.8,0,0,5.7,39.1,Low,1
1151,Aisha Dubois,96.3,29.0,77.2,85.9,96.5,1,1,6.7,100.0,High,0
1152,Maya Castillo,65.9,3.1,54.0,45.8,58.8,0,0,5.7,44.8,Low,1
1153,Rani Price,96.3,29.0,77.2,85.9,96.5,1,2,6.7,100.0,High,0
1154,Tariq Gupta,96.3,29.0,77.2,85.9,96.5,1,1,6.7,100.0,High,0
1155,Tariq Kelly,73.7,16.1,62.4,56.4,62.3,1,1,6.2,77.0,High,0
1156,Fatima Osei,96.3,29.0,77.2,85.9,96.5,1,2,6.7,100.0,High,0
1157,Jack Brown,96.3,29.0,77.2,85.9,96.5,1,2,6.7,100.0,High,0
1158,Sophia Huang,96.3,29.0,77.2,85.9,96.5,1,2,6.7,100.0,High,0
1159,Ezra Yang,73.7,16.1,62.4,56.4,62.3,1,1,6.2,75.9,High,0
1160,Henry Ramirez,70.0,5.6,51.9,52.6,50.1,0,1,6.6,53.6,Medium,0
1161,Farhan Anderson,96.3,29.0,77.2,85.9,96.5,1,1,6.7,100.0,High,0
1162,Owen Iqbal,70.0,5.6,51.9,52.6,50.1,0,1,6.6,50.6,Medium,0
1163,Farhan Murphy,65.9,3.1,54.0,45.8,58.8,0,0,5.7,39.8,Low,1
1164,Ian Baker,96.3,29.0,77.2,85.9,96.5,1,2,6.7,100.0,High,0
1165,Kofi Smith,96.3,29.0,77.2,85.9,96.5,1,1,6.7,100.0,High,0
1166,Zoe Basu,65.9,3.1,54.0,45.8,58.8,0,0,5.7,37.0,Low,1
1167,Marcus Perez,65.9,3.1,54.0,45.8,58.8,0,0,5.7,35.5,Low,1
1168,Aria Novak,73.7,16.1,62.4,56.4,62.3,0,1,6.2,80.2,High,0
1169,Michael Jiang,65.9,3.1,54.0,45.8,58.8,0,0,5.7,41.9,Low,1
1170,Kenji Cruz,96.3,29.0,77.2,85.9,96.5,1,2,6.7,100.0,High,0
1171,Julian Lopez,73.7,16.1,62.4,56.4,62.3,0,2,6.2,76.4,High,0
1172,Nora Williams,70.0,5.6,51.9,52.6,50.1,0,1,6.6,63.2,Medium,0
1173,Asher Williams,96.3,29.0,77.2,85.9,96.5,1,0,6.7,100.0,High,0
1174,Sebastian Yamamoto,70.0,5.6,51.9,52.6,50.1,1,0,6.6,45.3,Low,1
1175,Isabella Wu,73.7,16.1,62.4,56.4,62.3,0,0,6.2,80.1,High,0
1176,Maria Allen,70.0,5.6,51.9,52.6,50.1,0,2,6.6,51.1,Medium,0
1177,Sophia Garcia,73.7,16.1,62.4,56.4,62.3,0,0,6.2,70.1,Medium,0
1178,Kenji Kim,73.7,16.1,62.4,56.4,62.3,1,1,6.2,70.3,Medium,0
1179,Nathan Zhao,96.3,29.0,77.2,85.9,96.5,1,1,6.7,100.0,High,0
1180,Kai Iqbal,96.3,29.0,77.2,85.9,96.5,1,1,6.7,100.0,High,0
1181,Jack Bailey,70.0,5.6,51.9,52.6,50.1,1,1,6.6,49.8,Low,1
1182,Andrew Sharma,96.3,29.0,77.2,85.9,96.5,1,2,6.7,100.0,High,0
1183,Tariq Muller,96.3,29.0,77.2,85.9,96.5,1,1,6.7,100.0,High,0
1184,Kofi Jones,96.3,29.0,77.2,85.9,96.5,1,1,6.7,100.0,High,0
1185,Vivaan Liu,96.3,29.0,77.2,85.9,96.5,1,2,6.7,100.0,High,0
1186,Lucas Davis,65.9,3.1,54.0,45.8,58.8,0,0,5.7,40.3,Low,1
1187,Nathan Diaz,73.7,16.1,62.4,56.4,62.3,0,1,6.2,71.6,Medium,0
1188,Kai Miller,65.9,3.1,54.0,45.8,58.8,0,2,5.7,42.7,Low,1
1189,Uma Kowalski,96.3,29.0,77.2,85.9,96.5,0,0,6.7,99.6,High,0
1190,Riley Lin,70.0,5.6,51.9,52.6,50.1,1,1,6.6,58.9,Medium,0
1191,David Turner,73.7,16.1,62.4,56.4,62.3,1,0,6.2,74.4,Medium,0
1192,Elijah Torres,73.7,16.1,62.4,56.4,62.3,0,1,6.2,69.1,Medium,0
1193,Stella Lopez,65.9,3.1,54.0,45.8,58.8,0,0,5.7,37.6,Low,1
1194,Ryan Davis,65.9,3.1,54.0,45.8,58.8,0,0,5.7,41.3,Low,1
1195,Henry Chen,65.9,3.1,54.0,45.8,58.8,1,1,5.7,40.9,Low,1
1196,Kiran Jiang,96.3,29.0,77.2,85.9,96.5,0,0,6.7,100.0,High,0
1197,Aditi Mendoza,96.3,29.0,77.2,85.9,96.5,1,1,6.7,100.0,High,0
1198,Zoe Park,70.0,5.6,51.9,52.6,50.1,1,1,6.6,56.9,Medium,0
1199,Aarav Lopez,73.7,16.1,62.4,56.4,62.3,1,0,6.2,68.1,Medium,0
1200,Kenji Larsen,70.0,5.6,51.9,52.6,50.1,0,2,6.6,58.9,Medium,0
1201,Ariana Williams,70.0,5.6,51.9,52.6,50.1,1,0,6.6,54.4,Medium,0
1202,John Flores,70.0,5.6,51.9,52.6,50.1,0,1,6.6,55.0,Medium,0
1203,Jayden Kelly,65.9,3.1,54.0,45.8,58.8,0,1,5.7,44.5,Low,1
1204,Pooja Iqbal,70.0,5.6,51.9,52.6,50.1,1,1,6.6,59.5,Medium,0
1205,Priya Watson,96.3,29.0,77.2,85.9,96.5,0,2,6.7,100.0,High,0
1206,Arjun Green,96.3,29.0,77.2,85.9,96.5,1,2,6.7,100.0,High,0
1207,Andrew Sanders,70.0,5.6,51.9,52.6,50.1,1,1,6.6,64.3,Medium,0
1208,Sam Huang,73.7,16.1,62.4,56.4,62.3,0,0,6.2,75.0,High,0
1209,Ibrahim Choudhury,96.3,29.0,77.2,85.9,96.5,1,1,6.7,100.0,High,0
1210,Aarav Singh,73.7,16.1,62.4,56.4,62.3,0,1,6.2,73.3,Medium,0
1211,Harper Lewis,70.0,5.6,51.9,52.6,50.1,0,2,6.6,54.0,Medium,0
1212,Samuel Gordon,65.9,3.1,54.0,45.8,58.8,0,1,5.7,46.7,Low,1
1213,Stella Tanaka,70.0,5.6,51.9,52.6,50.1,1,2,6.6,59.6,Medium,0
1214,Kiran Kapoor,73.7,16.1,62.4,56.4,62.3,1,1,6.2,72.3,Medium,0
1215,Diya Gonzales,96.3,29.0,77.2,85.9,96.5,1,2,6.7,100.0,High,0
1216,Jasmine Stewart,73.7,16.1,62.4,56.4,62.3,0,1,6.2,69.4,Medium,0
1217,Pooja Gordon,73.7,16.1,62.4,56.4,62.3,0,2,6.2,78.5,High,0
1218,Jacob Bhat,70.0,5.6,51.9,52.6,50.1,1,2,6.6,61.5,Medium,0
1219,Sarah Anderson,70.0,5.6,51.9,52.6,50.1,1,1,6.6,57.7,Medium,0
1220,Camila Jackson,96.3,29.0,77.2,85.9,96.5,1,2,6.7,100.0,High,0
1221,Ariana Sato,96.3,29.0,77.2,85.9,96.5,0,0,6.7,100.0,High,0
1222,Arjun Osei,96.3,29.0,77.2,85.9,96.5,1,2,6.7,100.0,High,0
1223,Nora Adams,65.9,3.1,54.0,45.8,58.8,1,2,5.7,41.4,Low,1
1224,Uma Mitchell,70.0,5.6,51.9,52.6,50.1,1,0,6.6,52.5,Medium,0
1225,Kavya Snyder,96.3,29.0,77.2,85.9,96.5,1,2,6.7,100.0,High,0
1226,Benjamin Nelson,65.9,3.1,54.0,45.8,58.8,1,2,5.7,47.3,Low,1
1227,Gabriel Garcia,73.7,16.1,62.4,56.4,62.3,1,0,6.2,75.1,High,0
1228,Riley Allen,73.7,16.1,62.4,56.4,62.3,0,1,6.2,72.4,Medium,0
1229,Abigail Gomez,65.9,3.1,54.0,45.8,58.8,1,2,5.7,51.2,Medium,0
1230,Samuel Al-Mansoor,96.3,29.0,77.2,85.9,96.5,0,2,6.7,100.0,High,0
1231,Diya Shah,96.3,29.0,77.2,85.9,96.5,0,2,6.7,100.0,High,0
1232,Gabriel Mitchell,70.0,5.6,51.9,52.6,50.1,0,0,6.6,53.4,Medium,0
1233,Alexander Osei,96.3,29.0,77.2,85.9,96.5,1,2,6.7,100.0,High,0
1234,Varun Tran,70.0,5.6,51.9,52.6,50.1,1,1,6.6,57.4,Medium,0
1235,Carlos Chen,96.3,29.0,77.2,85.9,96.5,1,1,6.7,100.0,High,0
1236,Zachary Russell,96.3,29.0,77.2,85.9,96.5,1,1,6.7,100.0,High,0
1237,Elena Verma,96.3,29.0,77.2,85.9,96.5,1,1,6.7,100.0,High,0
1238,Serena Jones,73.7,16.1,62.4,56.4,62.3,1,1,6.2,78.1,High,0
1239,Camila King,96.3,29.0,77.2,85.9,96.5,1,1,6.7,100.0,High,0
1240,Liam Ortiz,96.3,29.0,77.2,85.9,96.5,1,1,6.7,100.0,High,0
1241,Zoe Kumar,65.9,3.1,54.0,45.8,58.8,1,0,5.7,44.1,Low,1
1242,Emma Washington,73.7,16.1,62.4,56.4,62.3,1,2,6.2,73.7,Medium,0
1243,Theo Chen,73.7,16.1,62.4,56.4,62.3,0,0,6.2,67.9,Medium,0
1244,Victoria Lin,96.3,29.0,77.2,85.9,96.5,1,2,6.7,100.0,High,0
1245,Sara Watson,73.7,16.1,62.4,56.4,62.3,1,1,6.2,79.2,High,0
1246,Devon Jackson,96.3,29.0,77.2,85.9,96.5,1,2,6.7,100.0,High,0
1247,Zachary Hernandez,70.0,5.6,51.9,52.6,50.1,0,1,6.6,56.0,Medium,0
1248,Mila Sullivan,96.3,29.0,77.2,85.9,96.5,1,2,6.7,100.0,High,0
1249,John Jackson,65.9,3.1,54.0,45.8,58.8,1,0,5.7,42.8,Low,1
1250,Ananya Sullivan,65.9,3.1,54.0,45.8,58.8,0,1,5.7,40.4,Low,1
1251,Amara Joshi,96.3,29.0,77.2,85.9,96.5,0,1,6.7,100.0,High,0
1252,Andre Bhat,96.3,29.0,77.2,85.9,96.5,1,2,6.7,100.0,High,0
1253,Arjun Ahmed,96.3,29.0,77.2,85.9,96.5,1,2,6.7,100.0,High,0
1254,Sebastian Chen,70.0,5.6,51.9,52.6,50.1,0,1,6.6,51.9,Medium,0
1255,Neha Smith,96.3,29.0,77.2,85.9,96.5,1,2,6.7,100.0,High,0
1256,Carlos Ali,65.9,3.1,54.0,45.8,58.8,1,2,5.7,46.7,Low,1
1257,Stella Sullivan,70.0,5.6,51.9,52.6,50.1,1,0,6.6,52.4,Medium,0
1258,Layla Nakamura,65.9,3.1,54.0,45.8,58.8,0,2,5.7,45.7,Low,1
1259,Ella Castillo,73.7,16.1,62.4,56.4,62.3,0,0,6.2,65.1,Medium,0
1260,Oliver Martinez,65.9,3.1,54.0,45.8,58.8,1,1,5.7,46.7,Low,1
1261,Wei Lopez,96.3,29.0,77.2,85.9,96.5,0,2,6.7,100.0,High,0
1262,Leila Evans,73.7,16.1,62.4,56.4,62.3,0,2,6.2,75.0,Medium,0
1263,Owen Edwards,73.7,16.1,62.4,56.4,62.3,1,1,6.2,73.1,Medium,0
1264,Andre Gonzales,65.9,3.1,54.0,45.8,58.8,0,0,5.7,46.8,Low,1
1265,Fatima Gordon,70.0,5.6,51.9,52.6,50.1,0,1,6.6,56.2,Medium,0
1266,Arya Martin,65.9,3.1,54.0,45.8,58.8,1,1,5.7,51.1,Medium,0
1267,Ishaan Sanders,96.3,29.0,77.2,85.9,96.5,1,2,6.7,100.0,High,0
1268,Arjun Park,65.9,3.1,54.0,45.8,58.8,0,2,5.7,49.8,Low,1
1269,Marcus Russell,73.7,16.1,62.4,56.4,62.3,1,1,6.2,73.6,Medium,0
1270,Priya Rossi,73.7,16.1,62.4,56.4,62.3,1,0,6.2,73.5,Medium,0
1271,Gabriel Zhang,65.9,3.1,54.0,45.8,58.8,0,1,5.7,47.1,Low,1
1272,Noah Allen,73.7,16.1,62.4,56.4,62.3,0,2,6.2,78.0,High,0
1273,Aria Martin,73.7,16.1,62.4,56.4,62.3,0,2,6.2,76.7,High,0
1274,Ian Rivera,70.0,5.6,51.9,52.6,50.1,0,0,6.6,52.4,Medium,0
1275,Sarah Iqbal,96.3,29.0,77.2,85.9,96.5,1,2,6.7,100.0,High,0
1276,Zachary Al-Mansoor,73.7,16.1,62.4,56.4,62.3,1,1,6.2,78.3,High,0
1277,Varun Lin,96.3,29.0,77.2,85.9,96.5,1,2,6.7,100.0,High,0
1278,Maya Wu,96.3,29.0,77.2,85.9,96.5,1,2,6.7,100.0,High,0
1279,Nolan Bailey,65.9,3.1,54.0,45.8,58.8,1,1,5.7,41.7,Low,1
1280,Zoe Rossi,70.0,5.6,51.9,52.6,50.1,0,0,6.6,50.4,Medium,0
1281,Amara Rao,73.7,16.1,62.4,56.4,62.3,1,1,6.2,77.2,High,0
1282,Caleb Tanaka,73.7,16.1,62.4,56.4,62.3,1,1,6.2,71.1,Medium,0
1283,Ethan Vargas,73.7,16.1,62.4,56.4,62.3,1,1,6.2,77.2,High,0
1284,Amara Murphy,70.0,5.6,51.9,52.6,50.1,1,1,6.6,59.0,Medium,0
1285,Dev Martinez,65.9,3.1,54.0,45.8,58.8,0,1,5.7,40.9,Low,1
1286,Henry Young,65.9,3.1,54.0,45.8,58.8,0,0,5.7,46.3,Low,1
1287,Luna Yamamoto,73.7,16.1,62.4,56.4,62.3,1,1,6.2,69.2,Medium,0
1288,Pooja Hall,73.7,16.1,62.4,56.4,62.3,0,0,6.2,76.6,High,0
1289,Zara Gupta,73.7,16.1,62.4,56.4,62.3,1,1,6.2,75.4,High,0
1290,Diego Phillips,70.0,5.6,51.9,52.6,50.1,1,2,6.6,51.8,Medium,0
1291,Lucy Hernandez,73.7,16.1,62.4,56.4,62.3,1,0,6.2,77.9,High,0
1292,Mei Garcia,70.0,5.6,51.9,52.6,50.1,0,1,6.6,59.0,Medium,0
1293,Alexander Singh,70.0,5.6,51.9,52.6,50.1,1,2,6.6,57.6,Medium,0
1294,Diego Yamamoto,73.7,16.1,62.4,56.4,62.3,1,2,6.2,72.9,Medium,0
1295,Amelia Cooper,73.7,16.1,62.4,56.4,62.3,0,1,6.2,67.3,Medium,0
1296,Dev Nguyen,73.7,16.1,62.4,56.4,62.3,1,2,6.2,84.8,High,0
1297,Gabriel Nguyen,96.3,29.0,77.2,85.9,96.5,1,2,6.7,100.0,High,0
1298,Emily Jones,96.3,29.0,77.2,85.9,96.5,1,2,6.7,100.0,High,0
1299,Lucas Larsen,70.0,5.6,51.9,52.6,50.1,0,0,6.6,54.5,Medium,0
1300,Lucas Gupta,73.7,16.1,62.4,56.4,62.3,0,1,6.2,67.1,Medium,0
1301,Theo Clark,96.3,29.0,77.2,85.9,96.5,1,1,6.7,100.0,High,0
1302,Ezra Martinez,70.0,5.6,51.9,52.6,50.1,1,1,6.6,60.5,Medium,0
1303,Varun Gomez,70.0,5.6,51.9,52.6,50.1,1,1,6.6,58.7,Medium,0
1304,Grace Davis,96.3,29.0,77.2,85.9,96.5,1,2,6.7,100.0,High,0
1305,Ibrahim Price,65.9,3.1,54.0,45.8,58.8,1,1,5.7,44.4,Low,1
1306,Stella Phillips,65.9,3.1,54.0,45.8,58.8,0,1,5.7,41.3,Low,1
1307,Zoe Silva,70.0,5.6,51.9,52.6,50.1,1,1,6.6,56.8,Medium,0
1308,Devon Das,70.0,5.6,51.9,52.6,50.1,0,0,6.6,50.9,Medium,0
1309,Nora Wu,96.3,29.0,77.2,85.9,96.5,1,1,6.7,100.0,High,0
1310,Thomas Johnson,65.9,3.1,54.0,45.8,58.8,0,1,5.7,40.7,Low,1
1311,Siddharth Singh,73.7,16.1,62.4,56.4,62.3,0,1,6.2,70.3,Medium,0
1312,Aisha Patel,65.9,3.1,54.0,45.8,58.8,1,0,5.7,46.0,Low,1
1313,Owen Stewart,70.0,5.6,51.9,52.6,50.1,0,1,6.6,58.3,Medium,0
1314,Ibrahim Suzuki,96.3,29.0,77.2,85.9,96.5,1,2,6.7,100.0,High,0
1315,Noah Diallo,96.3,29.0,77.2,85.9,96.5,1,1,6.7,100.0,High,0
1316,Emma Baker,70.0,5.6,51.9,52.6,50.1,0,2,6.6,57.0,Medium,0
1317,John White,70.0,5.6,51.9,52.6,50.1,1,1,6.6,64.6,Medium,0
1318,Maria Singh,96.3,29.0,77.2,85.9,96.5,1,2,6.7,100.0,High,0
1319,Yasmin Morales,70.0,5.6,51.9,52.6,50.1,0,1,6.6,55.0,Medium,0
1320,Owen Ortiz,65.9,3.1,54.0,45.8,58.8,1,0,5.7,42.6,Low,1
1321,Siddharth Kelly,73.7,16.1,62.4,56.4,62.3,0,2,6.2,74.4,Medium,0
1322,Leila Sato,73.7,16.1,62.4,56.4,62.3,0,2,6.2,73.2,Medium,0
1323,Mei Stewart,96.3,29.0,77.2,85.9,96.5,1,1,6.7,100.0,High,0
1324,Ishaan Kaur,70.0,5.6,51.9,52.6,50.1,1,1,6.6,58.7,Medium,0
1325,Yasmin Young,73.7,16.1,62.4,56.4,62.3,1,1,6.2,77.3,High,0
1326,Serena Iqbal,65.9,3.1,54.0,45.8,58.8,0,1,5.7,44.9,Low,1
1327,Elena Taylor,73.7,16.1,62.4,56.4,62.3,1,1,6.2,77.4,High,0
1328,Arjun Huang,70.0,5.6,51.9,52.6,50.1,0,1,6.6,61.1,Medium,0
1329,Isaac Gonzales,96.3,29.0,77.2,85.9,96.5,1,2,6.7,100.0,High,0
1330,Henry Patel,96.3,29.0,77.2,85.9,96.5,1,2,6.7,100.0,High,0
1331,Arya Young,70.0,5.6,51.9,52.6,50.1,1,0,6.6,59.3,Medium,0
1332,Joseph Hill,73.7,16.1,62.4,56.4,62.3,0,1,6.2,70.5,Medium,0
1333,Fatima Singh,73.7,16.1,62.4,56.4,62.3,1,1,6.2,77.3,High,0
1334,Arjun Edwards,65.9,3.1,54.0,45.8,58.8,0,1,5.7,45.3,Low,1
1335,Ella Lopez,65.9,3.1,54.0,45.8,58.8,0,1,5.7,49.5,Low,1
1336,Andrew OConnor,65.9,3.1,54.0,45.8,58.8,0,1,5.7,39.4,Low,1
1337,Ishaan Jackson,96.3,29.0,77.2,85.9,96.5,1,2,6.7,100.0,High,0
1338,Isaac Gordon,70.0,5.6,51.9,52.6,50.1,0,1,6.6,53.2,Medium,0
1339,Liam Basu,65.9,3.1,54.0,45.8,58.8,0,0,5.7,42.6,Low,1
1340,Uma Martinez,73.7,16.1,62.4,56.4,62.3,1,1,6.2,73.6,Medium,0
1341,Sebastian Rao,96.3,29.0,77.2,85.9,96.5,1,1,6.7,100.0,High,0
1342,Suraj Wang,65.9,3.1,54.0,45.8,58.8,1,0,5.7,37.4,Low,1
1343,Sebastian Reddy,73.7,16.1,62.4,56.4,62.3,1,0,6.2,75.1,High,0
1344,Wyatt Ali,70.0,5.6,51.9,52.6,50.1,1,2,6.6,59.8,Medium,0
1345,Leila Diallo,65.9,3.1,54.0,45.8,58.8,0,0,5.7,41.3,Low,1
1346,Marcus Das,70.0,5.6,51.9,52.6,50.1,0,1,6.6,62.4,Medium,0
1347,Carlos Johnson,73.7,16.1,62.4,56.4,62.3,1,2,6.2,75.0,Medium,0
1348,Hannah Peterson,73.7,16.1,62.4,56.4,62.3,1,1,6.2,75.5,High,0
1349,Oliver Basu,73.7,16.1,62.4,56.4,62.3,0,1,6.2,73.2,Medium,0
1350,Leila Rossi,96.3,29.0,77.2,85.9,96.5,0,2,6.7,100.0,High,0
1351,Valentina Diallo,70.0,5.6,51.9,52.6,50.1,1,0,6.6,62.8,Medium,0
1352,Caleb Williams,65.9,3.1,54.0,45.8,58.8,1,1,5.7,44.5,Low,1
1353,Mei Osei,73.7,16.1,62.4,56.4,62.3,1,0,6.2,70.3,Medium,0
1354,John Lopez,73.7,16.1,62.4,56.4,62.3,0,1,6.2,79.4,High,0
1355,Noah Scott,65.9,3.1,54.0,45.8,58.8,0,2,5.7,43.7,Low,1
1356,Riley Jackson,96.3,29.0,77.2,85.9,96.5,0,1,6.7,100.0,High,0
1357,Aditi Yamamoto,73.7,16.1,62.4,56.4,62.3,1,1,6.2,71.7,Medium,0
1358,Sara Turner,73.7,16.1,62.4,56.4,62.3,0,1,6.2,68.4,Medium,0
1359,Harper Johnson,70.0,5.6,51.9,52.6,50.1,1,0,6.6,48.8,Low,1
1360,Joseph Tanaka,96.3,29.0,77.2,85.9,96.5,0,2,6.7,100.0,High,0
1361,Ananya Kapoor,70.0,5.6,51.9,52.6,50.1,0,1,6.6,55.3,Medium,0
1362,Rhea Das,73.7,16.1,62.4,56.4,62.3,0,1,6.2,76.9,High,0
1363,Vivaan Williams,70.0,5.6,51.9,52.6,50.1,1,1,6.6,59.3,Medium,0
1364,Carlos Kumar,96.3,29.0,77.2,85.9,96.5,1,0,6.7,100.0,High,0
1365,Kenji Menon,73.7,16.1,62.4,56.4,62.3,1,2,6.2,73.2,Medium,0
1366,Zara Becker,73.7,16.1,62.4,56.4,62.3,1,1,6.2,77.4,High,0
1367,Michael Osei,96.3,29.0,77.2,85.9,96.5,0,0,6.7,100.0,High,0
1368,Mason Harris,96.3,29.0,77.2,85.9,96.5,1,2,6.7,100.0,High,0
1369,Emma Watson,96.3,29.0,77.2,85.9,96.5,0,2,6.7,100.0,High,0
1370,Chloe Ali,73.7,16.1,62.4,56.4,62.3,1,0,6.2,67.9,Medium,0
1371,Yuki Wu,96.3,29.0,77.2,85.9,96.5,0,2,6.7,100.0,High,0
1372,Ibrahim Turner,65.9,3.1,54.0,45.8,58.8,0,2,5.7,51.0,Medium,0
1373,Ella Rivera,73.7,16.1,62.4,56.4,62.3,1,1,6.2,75.4,High,0
1374,Aria Green,65.9,3.1,54.0,45.8,58.8,1,0,5.7,40.2,Low,1
1375,Leila Phillips,65.9,3.1,54.0,45.8,58.8,1,0,5.7,41.7,Low,1
1376,Charlotte Watson,96.3,29.0,77.2,85.9,96.5,0,1,6.7,100.0,High,0
1377,Samuel Watson,70.0,5.6,51.9,52.6,50.1,0,1,6.6,54.3,Medium,0
1378,Jacob Muller,65.9,3.1,54.0,45.8,58.8,0,0,5.7,43.1,Low,1
1379,Rhea Wu,70.0,5.6,51.9,52.6,50.1,0,1,6.6,56.5,Medium,0
1380,Lucas Wood,73.7,16.1,62.4,56.4,62.3,1,2,6.2,79.8,High,0
1381,Suraj Lee,73.7,16.1,62.4,56.4,62.3,1,2,6.2,77.6,High,0
1382,Ananya Suzuki,96.3,29.0,77.2,85.9,96.5,1,2,6.7,100.0,High,0
1383,Pooja Suzuki,73.7,16.1,62.4,56.4,62.3,0,1,6.2,71.1,Medium,0
1384,Suraj Miller,65.9,3.1,54.0,45.8,58.8,0,1,5.7,40.8,Low,1
1385,Maya Joshi,65.9,3.1,54.0,45.8,58.8,0,0,5.7,40.2,Low,1
1386,Grace Hall,96.3,29.0,77.2,85.9,96.5,1,1,6.7,100.0,High,0
1387,Sophia Nakamura,70.0,5.6,51.9,52.6,50.1,1,1,6.6,63.9,Medium,0
1388,Nolan Sharma,73.7,16.1,62.4,56.4,62.3,0,1,6.2,75.7,High,0
1389,Riley Rossi,65.9,3.1,54.0,45.8,58.8,0,0,5.7,41.2,Low,1
1390,Riley Williams,96.3,29.0,77.2,85.9,96.5,1,1,6.7,100.0,High,0
1391,Diya Baker,65.9,3.1,54.0,45.8,58.8,1,1,5.7,45.1,Low,1
1392,Leila Morgan,65.9,3.1,54.0,45.8,58.8,1,0,5.7,39.5,Low,1
1393,Maria Taylor,96.3,29.0,77.2,85.9,96.5,1,2,6.7,100.0,High,0
1394,Andrew Kaur,96.3,29.0,77.2,85.9,96.5,1,2,6.7,100.0,High,0
1395,Noah Davis,65.9,3.1,54.0,45.8,58.8,0,0,5.7,42.1,Low,1
1396,Adam Allen,96.3,29.0,77.2,85.9,96.5,0,1,6.7,100.0,High,0
1397,Lucas Taylor,73.7,16.1,62.4,56.4,62.3,1,1,6.2,74.3,Medium,0
1398,Aisha Chavez,65.9,3.1,54.0,45.8,58.8,1,0,5.7,44.6,Low,1
1399,Sam Baker,70.0,5.6,51.9,52.6,50.1,1,2,6.6,62.6,Medium,0
1400,Jasmine Peterson,73.7,16.1,62.4,56.4,62.3,1,1,6.2,74.1,Medium,0
1401,Ethan Jiang,73.7,16.1,62.4,56.4,62.3,0,0,6.2,73.5,Medium,0
1402,Jayden Scott,96.3,29.0,77.2,85.9,96.5,0,2,6.7,100.0,High,0
1403,Diego Choudhury,65.9,3.1,54.0,45.8,58.8,0,2,5.7,45.7,Low,1
1404,Luna Diallo,73.7,16.1,62.4,56.4,62.3,0,1,6.2,76.3,High,0
1405,Owen Kowalski,96.3,29.0,77.2,85.9,96.5,0,2,6.7,100.0,High,0
1406,Luna Snyder,73.7,16.1,62.4,56.4,62.3,0,1,6.2,71.0,Medium,0
1407,Ella Reddy,65.9,3.1,54.0,45.8,58.8,1,2,5.7,45.3,Low,1
1408,Lucy Ward,96.3,29.0,77.2,85.9,96.5,1,2,6.7,100.0,High,0
1409,Anthony Sullivan,65.9,3.1,54.0,45.8,58.8,0,0,5.7,37.0,Low,1
1410,Elena Peterson,70.0,5.6,51.9,52.6,50.1,0,2,6.6,54.3,Medium,0
1411,Kiran Sato,65.9,3.1,54.0,45.8,58.8,1,2,5.7,48.4,Low,1
1412,Hanna Ito,65.9,3.1,54.0,45.8,58.8,0,0,5.7,39.3,Low,1
1413,Sarah Patel,65.9,3.1,54.0,45.8,58.8,1,0,5.7,37.2,Low,1
1414,Chloe Larsen,65.9,3.1,54.0,45.8,58.8,0,1,5.7,47.5,Low,1
1415,Stella Hernandez,96.3,29.0,77.2,85.9,96.5,1,2,6.7,100.0,High,0
1416,Kofi Liu,70.0,5.6,51.9,52.6,50.1,1,1,6.6,56.4,Medium,0
1417,Layla Ortiz,70.0,5.6,51.9,52.6,50.1,0,2,6.6,55.4,Medium,0
1418,Leila Okafor,70.0,5.6,51.9,52.6,50.1,0,2,6.6,56.5,Medium,0
1419,Emily Huang,65.9,3.1,54.0,45.8,58.8,0,0,5.7,37.7,Low,1
1420,Jack Kumar,65.9,3.1,54.0,45.8,58.8,1,0,5.7,44.8,Low,1
1421,Pooja Bhat,70.0,5.6,51.9,52.6,50.1,1,1,6.6,57.5,Medium,0
1422,Charlotte Castillo,73.7,16.1,62.4,56.4,62.3,0,1,6.2,76.2,High,0
1423,Julia Hill,73.7,16.1,62.4,56.4,62.3,1,2,6.2,74.2,Medium,0
1424,Marcus Price,73.7,16.1,62.4,56.4,62.3,1,1,6.2,81.8,High,0
1425,Zachary Ito,73.7,16.1,62.4,56.4,62.3,0,1,6.2,66.1,Medium,0
1426,Uma Sanchez,73.7,16.1,62.4,56.4,62.3,1,0,6.2,66.8,Medium,0
1427,Fatima Tanaka,96.3,29.0,77.2,85.9,96.5,1,1,6.7,100.0,High,0
1428,Camila Stewart,96.3,29.0,77.2,85.9,96.5,1,2,6.7,100.0,High,0
1429,Jacob Zhang,70.0,5.6,51.9,52.6,50.1,0,1,6.6,56.8,Medium,0
1430,Ethan Harris,73.7,16.1,62.4,56.4,62.3,0,1,6.2,74.3,Medium,0
1431,Marcus Diallo,65.9,3.1,54.0,45.8,58.8,0,0,5.7,42.8,Low,1
1432,Amara Hill,70.0,5.6,51.9,52.6,50.1,0,1,6.6,56.6,Medium,0
1433,David Khan,96.3,29.0,77.2,85.9,96.5,0,1,6.7,100.0,High,0
1434,Isabella Hernandez,96.3,29.0,77.2,85.9,96.5,1,2,6.7,100.0,High,0
1435,Dev Stewart,96.3,29.0,77.2,85.9,96.5,1,2,6.7,100.0,High,0
1436,Ella Peterson,65.9,3.1,54.0,45.8,58.8,0,1,5.7,47.8,Low,1
1437,Thomas Lopez,96.3,29.0,77.2,85.9,96.5,0,2,6.7,100.0,High,0
1438,Sebastian Joshi,73.7,16.1,62.4,56.4,62.3,1,0,6.2,73.5,Medium,0
1439,Jayden Clark,65.9,3.1,54.0,45.8,58.8,0,1,5.7,38.5,Low,1
1440,Anthony Basu,65.9,3.1,54.0,45.8,58.8,0,0,5.7,47.0,Low,1
1441,Adam Basu,96.3,29.0,77.2,85.9,96.5,1,1,6.7,100.0,High,0
1442,Mason Diaz,96.3,29.0,77.2,85.9,96.5,1,1,6.7,100.0,High,0
1443,Samuel Perez,96.3,29.0,77.2,85.9,96.5,0,2,6.7,100.0,High,0
1444,Wyatt Myers,96.3,29.0,77.2,85.9,96.5,1,2,6.7,100.0,High,0
1445,Aria Miller,96.3,29.0,77.2,85.9,96.5,1,1,6.7,100.0,High,0
1446,Samuel Adams,70.0,5.6,51.9,52.6,50.1,0,0,6.6,54.4,Medium,0
1447,Farhan Patel,65.9,3.1,54.0,45.8,58.8,0,0,5.7,42.6,Low,1
1448,Abigail Sharma,73.7,16.1,62.4,56.4,62.3,1,0,6.2,69.4,Medium,0
1449,Ella Silva,70.0,5.6,51.9,52.6,50.1,1,1,6.6,56.5,Medium,0
1450,David Mehta,96.3,29.0,77.2,85.9,96.5,0,2,6.7,100.0,High,0
1451,Charlotte Murphy,65.9,3.1,54.0,45.8,58.8,0,1,5.7,42.1,Low,1
1452,Joshua Russell,70.0,5.6,51.9,52.6,50.1,0,0,6.6,53.1,Medium,0
1453,Chloe Ito,65.9,3.1,54.0,45.8,58.8,0,0,5.7,47.3,Low,1
1454,Oliver Reyes,65.9,3.1,54.0,45.8,58.8,0,0,5.7,39.9,Low,1
1455,Alexander Brown,73.7,16.1,62.4,56.4,62.3,1,1,6.2,66.9,Medium,0
1456,Daniel Park,96.3,29.0,77.2,85.9,96.5,1,1,6.7,100.0,High,0
1457,Leo Silva,96.3,29.0,77.2,85.9,96.5,1,0,6.7,100.0,High,0
1458,Zain Gonzales,73.7,16.1,62.4,56.4,62.3,0,1,6.2,72.3,Medium,0
1459,Zain Perez,65.9,3.1,54.0,45.8,58.8,0,1,5.7,41.3,Low,1
1460,Joseph Perez,73.7,16.1,62.4,56.4,62.3,1,2,6.2,73.0,Medium,0
1461,Neha Diallo,70.0,5.6,51.9,52.6,50.1,0,1,6.6,62.3,Medium,0
1462,Andre Singh,70.0,5.6,51.9,52.6,50.1,0,0,6.6,53.7,Medium,0
1463,Riley Snyder,96.3,29.0,77.2,85.9,96.5,0,2,6.7,100.0,High,0
1464,Michael Rao,73.7,16.1,62.4,56.4,62.3,0,1,6.2,74.0,Medium,0
1465,Zara Watson,70.0,5.6,51.9,52.6,50.1,1,0,6.6,59.3,Medium,0
1466,Noah Wood,70.0,5.6,51.9,52.6,50.1,0,1,6.6,56.1,Medium,0
1467,Gabriel Roberts,73.7,16.1,62.4,56.4,62.3,1,0,6.2,69.1,Medium,0
1468,Ariana Ali,96.3,29.0,77.2,85.9,96.5,1,2,6.7,100.0,High,0
1469,Elijah Yamamoto,70.0,5.6,51.9,52.6,50.1,1,2,6.6,55.9,Medium,0
1470,Uma Tran,96.3,29.0,77.2,85.9,96.5,1,1,6.7,100.0,High,0
1471,Xavier Rao,65.9,3.1,54.0,45.8,58.8,1,0,5.7,42.1,Low,1
1472,Emma Gomez,96.3,29.0,77.2,85.9,96.5,1,1,6.7,100.0,High,0
1473,Rohan Johnson,96.3,29.0,77.2,85.9,96.5,1,1,6.7,100.0,High,0
1474,Anthony Silva,73.7,16.1,62.4,56.4,62.3,0,1,6.2,73.3,Medium,0
1475,Oliver Lee,73.7,16.1,62.4,56.4,62.3,0,2,6.2,73.2,Medium,0
1476,Luna Vargas,73.7,16.1,62.4,56.4,62.3,0,2,6.2,71.2,Medium,0
1477,Ananya Osei,73.7,16.1,62.4,56.4,62.3,1,1,6.2,70.6,Medium,0
1478,Henry Okafor,65.9,3.1,54.0,45.8,58.8,0,0,5.7,44.6,Low,1
1479,Stella Valdez,73.7,16.1,62.4,56.4,62.3,1,1,6.2,75.2,High,0
1480,Xavier Dubois,73.7,16.1,62.4,56.4,62.3,1,2,6.2,78.0,High,0
1481,Noah Lee,73.7,16.1,62.4,56.4,62.3,0,1,6.2,73.7,Medium,0
1482,Arjun Evans,96.3,29.0,77.2,85.9,96.5,1,1,6.7,100.0,High,0
1483,Jacob Kapoor,70.0,5.6,51.9,52.6,50.1,1,0,6.6,53.4,Medium,0
1484,Grace Kim,96.3,29.0,77.2,85.9,96.5,1,0,6.7,100.0,High,0
1485,Amara Morgan,70.0,5.6,51.9,52.6,50.1,0,0,6.6,57.6,Medium,0
1486,Abigail Morgan,96.3,29.0,77.2,85.9,96.5,1,2,6.7,100.0,High,0
1487,Asher Kim,65.9,3.1,54.0,45.8,58.8,1,0,5.7,38.0,Low,1
1488,Hannah Sanders,73.7,16.1,62.4,56.4,62.3,0,0,6.2,70.1,Medium,0
1489,Nadia Gomez,65.9,3.1,54.0,45.8,58.8,0,0,5.7,43.7,Low,1
1490,Zoe Diaz,73.7,16.1,62.4,56.4,62.3,0,2,6.2,81.4,High,0
1491,Sam Khan,96.3,29.0,77.2,85.9,96.5,1,2,6.7,100.0,High,0
1492,Mateo Park,65.9,3.1,54.0,45.8,58.8,0,0,5.7,38.0,Low,1
1493,Uma Fernandez,70.0,5.6,51.9,52.6,50.1,0,2,6.6,62.0,Medium,0
1494,Sofia Campbell,70.0,5.6,51.9,52.6,50.1,1,0,6.6,55.3,Medium,0
1495,Yuki Valdez,73.7,16.1,62.4,56.4,62.3,0,2,6.2,78.5,High,0
1496,Isaac Zhang,70.0,5.6,51.9,52.6,50.1,0,0,6.6,56.3,Medium,0
1497,Wyatt Cooper,65.9,3.1,54.0,45.8,58.8,1,0,5.7,37.9,Low,1
1498,Yasmin Martin,70.0,5.6,51.9,52.6,50.1,1,2,6.6,61.0,Medium,0
1499,Camila Torres,73.7,16.1,62.4,56.4,62.3,1,1,6.2,77.8,High,0
1500,Amara Ortiz,70.0,5.6,51.9,52.6,50.1,1,0,6.6,55.0,Medium,0
